Nombre,Partido,Presidente,fecha_start,fecha_end,fue_Militar,cartera,currentEdu
José María Raygada y Gallo,Militar,Ramón Castilla (2.º gob.),1857-02-14,1858-05-13,True,PCM,
Manuel Ortiz de Zevallos y García,,Ramón Castilla (2.º gob.),1858-05-13,1858-07-13,,PCM,
Miguel de San Román y Meza,Militar,Ramón Castilla (2.º gob.),1858-07-13,1858-10-24,True,PCM,
Miguel del Carpio y Melgar,,Ramón Castilla (2.º gob.),1859-08-31,1860-06-09,,PCM,
Juan Antonio Pezet Rodríguez,Militar,Ramón Castilla (2.º gob.),1860-06-09,1862-01-25,True,PCM,
Juan Antonio Ribeyro Estada,,Ramón Castilla (2.º gob.),1862-01-25,1862-10-24,,PCM,
José Gregorio Paz Soldán y Ureta,,Miguel de San Román,1862-10-24,1863-04-03,,PCM,
Juan Antonio Ribeyro Estada,,Pedro Diez Canseco,1863-04-10,1863-08-05,,PCM,
Juan Antonio Ribeyro Estada,,Juan Antonio Pezet,1863-08-05,1864-08-11,,PCM,
Manuel Costas Arce,,Juan Antonio Pezet,1864-08-11,1864-10-14,,PCM,
José Allende,Militar,Juan Antonio Pezet,1864-10-14,1865-04-03,True,PCM,
Manuel Ignacio de Vivanco,Militar,Juan Antonio Pezet,1865-04-03,1865-07-12,True,PCM,
Pedro José Calderón,,Juan Antonio Pezet,1865-07-12,1865-11-06,,PCM,
Juan Antonio Ugarteche Posadas,Militar,Pedro Diez Canseco,1865-09-26,1865-11-06,True,PCM,
Francisco Javier Mariátegui,,Pedro Diez Canseco,1865-11-06,1865-11-28,,PCM,
Mariano Ignacio Prado Ochoa,Militar,Mariano Ignacio Prado (1.º gob.),1865-11-26,1867-02-15,True,PCM,
Pedro José Tordoya,Clérigo,Mariano Ignacio Prado (1.º gob.),1867-03-02,1867-04-26,False,PCM,
Pedro Paz Soldán y Ureta,,Mariano Ignacio Prado (1.º gob.),1867-06-03,1867-09-01,,PCM,
Luis La Puerta,Militar,Mariano Ignacio Prado (1.º gob.),1867-09-01,1867-10-12,True,PCM,
Pedro Paz Soldán y Ureta,,Mariano Ignacio Prado (1.º gob.),1867-10-12,1868-01-08,,PCM,
Antonio Arenas Merino,,Pedro Diez Canseco,1868-01-22,1868-02-07,,PCM,
Antonio Gutiérrez de la Fuente,Militar,Pedro Diez Canseco,1868-02-07,1868-08-02,True,PCM,
Pedro Gálvez Egúsquiza,,José Balta,1868-08-02,1869-04-13,,PCM,
Juan Francisco Balta,Militar,José Balta,1869-04-13,1871-08-01,True,PCM,
José Allende,Militar,José Balta,1871-08-02,1871-12-07,True,PCM,
José Jorge Loayza,,José Balta,1871-12-07,1872-07-25,,PCM,
Juan Antonio Ribeyro Estada,,Mariano Herencia Zevallos,1872-07-27,1872-08-02,,PCM,
José Miguel Medina Elera,Militar,Manuel Pardo y Lavalle,1872-08-02,1873-09-03,True,PCM,
José Eusebio Sánchez,,Manuel Pardo y Lavalle,1873-09-03,1875-02-01,,PCM,
Nicolás Freire González,,Manuel Pardo y Lavalle,1875-02-01,1876-08-02,True,PCM,
Antonio Arenas Merino,,Mariano Ignacio Prado (2.º gob.),1876-08-02,1876-08-26,,PCM,
Teodoro La Rosa,,Mariano Ignacio Prado (2.º gob.),1876-08-26,1877-06-01,,PCM,
Juan Buendía y Noriega,Militar,Mariano Ignacio Prado (2.º gob.),1877-06-04,1878-05-13,True,PCM,
José Jorge Loayza,,Mariano Ignacio Prado (2.º gob.),1878-06-18,1878-12-16,,PCM,
Manuel Yrigoyen Arias,,Mariano Ignacio Prado (2.º gob.),1878-12-17,1879-05-19,,PCM,
Manuel de Mendiburu Bonet,Militar,Mariano Ignacio Prado (2.º gob.),1879-05-19,1879-10-16,True,PCM,
Manuel González de la Cotera,Militar,Mariano Ignacio Prado (2.º gob.),1879-10-16,1879-12-23,True,PCM,
Aurelio Denegri Valega,Partido Civil,Francisco García Calderón Landa,1881-03-12,1881-07-18,False,PCM,
Camilo N. Carrillo Martínez,Marino,Francisco García Calderón Landa,1881-07-18,1881-11-06,True,PCM,
Aurelio García y García,Marino,Nicolás de Piérola (provisorio),1881-10-30,1881-11-28,True,PCM,
Juan Manuel Arbaiza,,Lizardo Montero Flores,1882-01-04,1882-09-04,,PCM,
Camilo N. Carrillo Martínez,Marino,Lizardo Montero Flores,1882-09-04,1883-01-10,True,PCM,
Manuel Velarde Seoane,Militar,Lizardo Montero Flores,1883-01-10,1883-04-01,True,PCM,
Mariano Nicolás Valcárcel,,Lizardo Montero Flores,1883-04-01,1883-10-01,,PCM,
Lorenzo Iglesias Pino de Arce,,Miguel Iglesias,1883-01-03,1883-08-27,True,PCM,
Manuel Antonio Barinaga,,Miguel Iglesias,1883-08-27,1884-04-07,,PCM,
Mariano Castro Zaldívar,,Miguel Iglesias,1884-04-07,1885-05-14,,PCM,
José Joaquín Iglesias Pino de Arce,Militar,Miguel Iglesias,1885-05-14,1885-12-03,True,PCM,
Antonio Arenas Merino,,Consejo de Ministros,1885-12-03,1886-06-03,,PCM,
Pedro Alejandrino del Solar Gabas,Partido Constitucional,Andrés Avelino Cáceres (1.º gob.),1886-06-03,1886-10-06,False,PCM,
José Nicolás de Araníbar y Llano,,Andrés Avelino Cáceres (1.º gob.),1886-10-06,1886-11-20,,PCM,
Pedro Alejandrino del Solar Gabas,Partido Constitucional,Andrés Avelino Cáceres (1.º gob.),1886-11-22,1887-08-22,False,PCM,
Mariano Santos Álvarez Villegas,,Andrés Avelino Cáceres (1.º gob.),1887-08-22,1887-09-12,,PCM,
Carlos María Elías de la Quintana,Partido Constitucional,Andrés Avelino Cáceres (1.º gob.),1887-09-12,1887-10-05,False,PCM,
Raymundo Morales Arias (interino),,Andrés Avelino Cáceres (1.º gob.),1887-10-04,1887-11-08,,PCM,
Aurelio Denegri Valega,,Andrés Avelino Cáceres (1.º gob.),1887-11-08,1889-03-08,,PCM,
José Mariano Jiménez Wald,,Andrés Avelino Cáceres (1.º gob.),1889-03-08,1889-04-03,,PCM,
Pedro Alejandrino del Solar Gabas,Partido Constitucional,Andrés Avelino Cáceres (1.º gob.),1889-04-04,1890-02-10,False,PCM,
Manuel Yrigoyen Arias,,Andrés Avelino Cáceres (1.º gob.),1890-02-11,1890-08-10,,PCM,
Mariano Nicolás Valcárcel Salazar,,Remigio Morales Bermúdez,1890-08-10,1891-07-24,,PCM,
Alberto Elmore Fernández de Córdoba (interino),,Remigio Morales Bermúdez,1891-07-25,1891-08-14,,PCM,
Federico Herrera,Partido Constitucional,Remigio Morales Bermúdez,1891-08-14,1891-08-24,False,PCM,
Justiniano Borgoño Castañeda,Partido Constitucional,Remigio Morales Bermúdez,1891-08-24,1891-10-14,True,PCM,
Federico Herrera (interino),Partido Constitucional,Remigio Morales Bermúdez,1891-10-14,1891-11-27,False,PCM,
Federico Herrera,Partido Constitucional,Remigio Morales Bermúdez,1891-11-27,1892-04-14,False,PCM,
Juan Ibarra y Ortiz (interino),Militar,Remigio Morales Bermúdez,1892-04-14,1892-05-02,True,PCM,
Juan Ibarra y Ortiz,Militar,Remigio Morales Bermúdez,1892-05-02,1892-06-30,True,PCM,
Carlos María Elías de la Quintana,Partido Constitucional,Remigio Morales Bermúdez,1892-06-30,1893-03-03,False,PCM,
Manuel Velarde Seoane,Partido Constitucional,Remigio Morales Bermúdez,1893-03-03,1893-05-11,True,PCM,
José Mariano Jiménez Wald,,Remigio Morales Bermúdez,1893-05-11,1894-04-01,,PCM,
Baltasar García Urrutia Muro,,Justiniano Borgoño Castañeda,1894-04-01,1894-08-10,,PCM,
Cesáreo Chacaltana Reyes,,Andrés Avelino Cáceres (2.º gob.),1894-08-10,1894-11-16,,PCM,
Manuel Yrigoyen Arias,Partido Constitucional,Andrés Avelino Cáceres (2.º gob.),1894-11-16,1895-03-21,False,PCM,
Antonio Bentín y La Fuente,Partido Demócrata,Nicolás de Piérola,1895-09-08,1895-11-28,False,PCM,
Manuel Antonio Barinaga,,Nicolás de Piérola,1895-11-30,1896-08-05,,PCM,
Manuel Pablo Olaechea Guerrero,Partido Demócrata,Nicolás de Piérola,1896-08-08,1897-11-03,False,PCM,
Alejandro López de Romaña Alvizuri,Partido Demócrata,Nicolás de Piérola,1897-11-25,1897-12-23,False,PCM,
Enrique de la Riva Agüero,,Nicolás de Piérola,1897-12-23,1898-05-13,,PCM,
José Jorge Loayza,,Nicolás de Piérola,1898-05-16,1899-09-08,,PCM,
Manuel María Gálvez Egúsquiza,,Eduardo López de Romaña,1899-09-08,1899-12-14,,PCM,
Enrique de la Riva Agüero,Partido Civil,Eduardo López de Romaña,1899-12-14,1900-08-30,False,PCM,
Enrique Coronel-Zegarra Castro,Partido Demócrata,Eduardo López de Romaña,1900-08-30,1900-10-02,False,PCM,
Domingo M. Almenara Butler,,Eduardo López de Romaña,1900-10-02,1901-09-11,,PCM,
Cesáreo Chacaltana Reyes,Partido Civil,Eduardo López de Romaña,1901-09-11,1902-08-09,False,PCM,
Alejandro Deustua Escarza,,Eduardo López de Romaña,1902-08-09,1902-11-04,,PCM,
Eugenio Larrabure y Unanue,,Eduardo López de Romaña,1902-11-04,1903-09-08,,PCM,
José Pardo y Barreda,Partido Civil,Manuel Candamo Iriarte,1903-09-08,1904-04-18,False,PCM,
José Pardo y Barreda (continuación),Partido Civil,Serapio Calderón Chirinos,1904-04-18,1904-05-14,False,PCM,
Alberto Elmore Fernández,,Serapio Calderón Chirinos,1904-05-14,1904-09-24,,PCM,
Augusto Leguía,Partido Civil,José Pardo y Barreda (1.º gob.),1904-09-24,1907-08-01,False,PCM,
Agustín Tovar Aguilar,,José Pardo y Barreda (1.º gob.),1907-08-01,1907-10-09,,PCM,
Carlos Alberto Washburn Salas,,José Pardo y Barreda (1.º gob.),1907-10-09,1908-09-24,,PCM,
Eulogio I. Romero Salcedo,,Augusto Leguía,1908-09-24,1909-06-08,,PCM,
Rafael Villanueva Cortez,,Augusto Leguía,1909-06-08,1910-03-14,,PCM,
Javier Prado y Ugarteche,Partido Civil,Augusto Leguía,1910-03-14,1910-08-03,False,PCM,
Germán Schreiber Waddington,Partido Civil,Augusto Leguía,1910-08-03,1910-10-21,False,PCM,
José Salvador Cavero Ovalle,Partido Constitucional,Augusto Leguía,1910-11-03,1910-12-27,False,PCM,
Enrique C. Basadre Stevenson,,Augusto Leguía,1910-12-27,1911-08-31,,PCM,
Agustín Guillermo Ganoza y Cavero,Partido Civil,Augusto Leguía,1911-08-31,1912-09-24,False,PCM,
Elías Malpartida Franco,Partido Demócrata,Guillermo Billinghurst Angulo,1912-09-24,1912-12-23,False,PCM,
Enrique Varela Vidaurre,Militar,Guillermo Billinghurst Angulo,1912-12-24,1913-02-24,True,PCM,
Federico Luna y Peralta,,Guillermo Billinghurst Angulo,1913-02-24,1913-06-17,,PCM,
Aurelio Sousa y Matute,,Guillermo Billinghurst Angulo,1913-06-17,1913-07-27,,PCM,
Enrique Varela Vidaurre,Militar,Guillermo Billinghurst Angulo,1913-07-27,1914-02-04,True,PCM,
Pedro E. Muñiz Sevilla,Militar,Óscar R. Benavides (1.º gob.),1914-05-16,1914-08-01,True,PCM,
Melitón Carvajal Ambulodegui,Marino (r),Óscar R. Benavides (1.º gob.),1914-08-01,1914-08-22,True,PCM,
Aurelio Sousa y Matute,Partido Demócrata,Óscar R. Benavides (1.º gob.),1914-08-22,1914-11-11,False,PCM,
Germán Schreiber Waddington,Partido Civil,Óscar R. Benavides (1.º gob.),1914-11-11,1915-02-19,False,PCM,
Carlos Isaac Abril Galindo,,Óscar R. Benavides (1.º gob.),1915-02-19,1915-08-18,True,PCM,
Enrique de la Riva Agüero,Partido Civil,José Pardo y Barreda (2.º gob.),1915-08-18,1917-07-27,False,PCM,
Francisco Tudela y Varela,Partido Civil,José Pardo y Barreda (2.º gob.),1917-07-27,1918-12-18,False,PCM,
Germán Arenas y Loayza,Partido Civil,José Pardo y Barreda (2.º gob.),1918-12-18,1919-04-28,False,PCM,
Juan Manuel Zuloaga,Militar,José Pardo y Barreda (2.º gob.),1919-04-28,1919-07-04,True,PCM,
Mariano Cornejo Zenteno,,Augusto Leguía,1919-07-04,1919-08-25,,PCM,
Melitón F. Porras Osores,,Augusto Leguía,1919-08-25,1919-12-06,,PCM,
Germán Leguía y Martínez,Partido Democrático Reformista,Augusto Leguía,1919-12-06,1922-10-07,False,PCM,
Julio Ego-Aguirre Dongo,Partido Democrático Reformista,Augusto Leguía,1922-10-07,1924-10-12,False,PCM,
Alejandrino Maguiña,Partido Democrático Reformista,Augusto Leguía,1924-10-12,1926-12-07,False,PCM,
Pedro José Rada y Gamio,Partido Democrático Reformista,Augusto Leguía,1926-12-07,1929-10-12,False,PCM,
Benjamín Huamán de los Heros,Partido Democrático Reformista,Augusto Leguía,1929-10-12,1930-08-24,False,PCM,
Fernando Sarmiento Ramírez,Militar,Augusto Leguía,1930-08-24,1930-08-25,True,PCM,
Gustavo Jiménez Saldías,Militar,Junta Militar de Gobierno,1930-08-28,1930-11-24,True,PCM,
Antonio Beingolea Balarezo,Marino,Junta Militar de Gobierno,1930-11-24,1931-03-01,True,PCM,
David Samanez Ocampo,,Junta Nacional de Gobierno,1931-03-11,1931-12-08,,PCM,
Germán Arenas y Loayza,,Luis Miguel Sánchez Cerro,1931-12-08,1932-01-28,,PCM,
Francisco R. Lanatta Ramírez,Unión Revolucionaria,Luis Miguel Sánchez Cerro,1932-01-28,1932-04-13,False,PCM,
Luis A. Flores Medina,Unión Revolucionaria,Luis Miguel Sánchez Cerro,1932-04-13,1932-05-20,False,PCM,
Ricardo Rivadeneira Barnuevo,,Luis Miguel Sánchez Cerro,1932-05-20,1932-09-10,,PCM,
Carlos Zavala Loayza,Independiente,Luis Miguel Sánchez Cerro,1932-09-10,1932-12-22,False,PCM,
José Matías Manzanilla Barrientos,Unión Revolucionaria,Luis Miguel Sánchez Cerro,1932-12-24,1933-04-30,False,PCM,
José Matías Manzanilla Barrientos (continuación),,Óscar R. Benavides (2.º gob.),1933-04-30,1933-06-29,,PCM,
Jorge Prado Ugarteche,,Óscar R. Benavides (2.º gob.),1933-06-29,1933-11-24,,PCM,
José de la Riva-Agüero y Osma,Partido Nacional Democrático,Óscar R. Benavides (2.º gob.),1933-11-24,1934-05-18,False,PCM,
Alberto Rey de Castro y Romaña,,Óscar R. Benavides (2.º gob.),1934-05-18,1934-12-24,,PCM,
Carlos Arenas y Loayza,24 de diciembre de 1934,Óscar R. Benavides (2.º gob.),1934-12-24,1935-05-18,False,PCM,
Manuel E. Rodríguez Dávila,Militar,Óscar R. Benavides (2.º gob.),1935-05-18,1936-04-13,True,PCM,
Ernesto Montagne Markholz,Militar,Óscar R. Benavides (2.º gob.),1936-04-13,1939-04-19,True,PCM,
Manuel Ugarteche Jiménez,,Óscar R. Benavides (2.º gob.),1939-04-20,1939-12-08,,PCM,
Alfredo Solf y Muro,,Manuel Prado Ugarteche (1.º gob.),1939-12-08,1944-12-03,,PCM,
Julio East Treviño,,Manuel Prado Ugarteche (1.º gob.),1944-12-09,1945-07-28,,PCM,
Rafael Belaúnde Diez Canseco,Frente Democrático Nacional,José Luis Bustamante y Rivero,1945-07-28,1946-01-31,False,PCM,
Julio Ernesto Portugal Escobedo,Frente Democrático Nacional,José Luis Bustamante y Rivero,1946-01-31,1947-01-12,False,PCM,
José R. Alzamora Freundt,Marino,José Luis Bustamante y Rivero,1947-01-12,1947-10-30,True,PCM,
Roque Saldías Maninat,Marino,José Luis Bustamante y Rivero,1947-10-30,1948-06-17,True,PCM,
Armando Revoredo Iglesias,Aviador,José Luis Bustamante y Rivero,1948-06-17,1948-10-27,True,PCM,
Zenón Noriega Agüero,Militar,Manuel A. Odría,1950-07-28,1954-08-09,True,PCM,
Roque Saldías Maninat,Marino,Manuel A. Odría,1954-08-09,1956-06-15,True,PCM,
Juan Mendoza Rodríguez,Militar,Manuel A. Odría,1956-06-15,1956-07-28,True,PCM,
Manuel Cisneros Sánchez,Movimiento Democrático Peruano,Manuel Prado Ugarteche (2.º gob.),1956-07-28,1958-06-09,False,PCM,
Luis Gallo Porras,Movimiento Democrático Peruano,Manuel Prado Ugarteche (2.º gob.),1958-06-09,1959-07-17,False,PCM,
Pedro Beltrán Espantoso,Independiente,Manuel Prado Ugarteche (2.º gob.),1959-07-17,1961-11-24,False,PCM,
Carlos Moreyra y Paz Soldán,Movimiento Democrático Peruano,Manuel Prado Ugarteche (2.º gob.),1961-11-24,1962-07-18,False,PCM,
Nicolás Eduardo Lindley López,Militar,Junta Militar,1962-07-18,1963-07-28,True,PCM,
Julio Óscar Trelles Montes,Acción Popular,Fernando Belaúnde Terry (1.º gob.),1963-07-28,1963-12-31,False,PCM,
Fernando Schwalb López-Aldana,Acción Popular,Fernando Belaúnde Terry (1.º gob.),1963-12-31,1965-09-15,False,PCM,
Daniel Becerra de la Flor,Acción Popular,Fernando Belaúnde Terry (1.º gob.),1965-09-15,1967-09-06,False,PCM,
Edgardo Seoane Corrales,Acción Popular,Fernando Belaúnde Terry (1.º gob.),1967-09-06,1967-11-17,False,PCM,
Raúl Ferrero Rebagliati,Partido Demócrata Cristiano,Fernando Belaúnde Terry (1.º gob.),1967-11-17,1968-05-30,False,PCM,
Oswaldo Hercelles García,Independiente,Fernando Belaúnde Terry (1.º gob.),1968-05-30,1968-10-02,False,PCM,
Miguel Mujica Gallo,Independiente,Fernando Belaúnde Terry (1.º gob.),1968-10-02,1968-10-03,False,PCM,
Ernesto Montagne Sánchez,Militar,Juan Velasco Alvarado,1968-10-03,1973-01-31,True,PCM,
Edgardo Mercado Jarrín,Militar,Juan Velasco Alvarado,1973-01-31,1975-02-01,True,PCM,
Francisco Morales-Bermúdez Cerrutti,Militar,Juan Velasco Alvarado,1975-02-01,1975-08-30,True,PCM,
Óscar Vargas Prieto,Militar,Francisco Morales Bermúdez,1975-08-30,1976-01-31,True,PCM,
Jorge Fernández-Maldonado Solari,Militar,Francisco Morales Bermúdez,1976-01-31,1976-07-16,True,PCM,
Guillermo Arbulú Galliani,Militar,Francisco Morales Bermúdez,1976-07-16,1978-01-30,True,PCM,
Óscar Molina Pallochia,Militar,Francisco Morales Bermúdez,1978-01-30,1979-01-31,True,PCM,
Pedro Richter Prada,Militar,Francisco Morales Bermúdez,1979-01-30,1980-07-27,True,PCM,
Manuel Ulloa Elías,Acción Popular,Fernando Belaúnde Terry (2.º gob.),1980-07-28,1982-12-09,False,PCM,
Fernando Schwalb López-Aldana,Acción Popular,Fernando Belaúnde Terry (2.º gob.),1982-12-09,1984-04-10,False,PCM,
Sandro Mariátegui Chiappe,Acción Popular,Fernando Belaúnde Terry (2.º gob.),1984-04-10,1984-10-13,False,PCM,
Luis Pércovich Roca,Acción Popular,Fernando Belaúnde Terry (2.º gob.),1984-10-13,1985-07-27,False,PCM,
Luis Alva Castro,Partido Aprista Peruano,Alan García,1985-07-28,1987-06-26,False,PCM,
Guillermo Larco Cox,Partido Aprista Peruano,Alan García,1987-06-27,1988-05-13,False,PCM,
Armando Villanueva del Campo,Partido Aprista Peruano,Alan García,1988-05-13,1989-05-15,False,PCM,
Luis Alberto Sánchez Sánchez,Partido Aprista Peruano,Alan García,1989-05-15,1989-09-30,False,PCM,
Guillermo Larco Cox,Partido Aprista Peruano,Alan García,1989-09-30,1990-07-27,False,PCM,
Juan Carlos Hurtado Miller,Independiente,Alberto Fujimori,1990-07-28,1991-02-20,False,PCM,
Carlos Torres y Torres Lara,Independiente,Alberto Fujimori,1991-02-15,1991-11-06,False,PCM,
Alfonso de los Heros Pérez-Albela,Independiente,Alberto Fujimori,1991-11-06,1992-04-06,False,PCM,
Óscar de la Puente Raygada,Independiente,Alberto Fujimori,1992-04-06,1993-08-28,False,PCM,
Alfonso Bustamante y Bustamante,Cambio 90,Alberto Fujimori,1993-08-28,1994-02-17,False,PCM,
Efraín Goldenberg Schreiber,Cambio 90,Alberto Fujimori,1994-02-17,1995-07-28,False,PCM,
Dante Córdova Blanco,Cambio 90 - Nueva Mayoría,Alberto Fujimori,1995-07-27,1996-04-03,False,PCM,
Alberto Pandolfi Arbulú,Cambio 90 - Nueva Mayoría,Alberto Fujimori,1996-04-03,1998-06-04,False,PCM,
Javier Valle-Riestra González-Olaechea,Partido Aprista Peruano,Alberto Fujimori,1998-06-04,1998-08-21,False,PCM,
Alberto Pandolfi Arbulú,Cambio 90 - Nueva Mayoría,Alberto Fujimori,1998-08-21,1999-06-04,False,PCM,
Víctor Joy Way Rojas,Cambio 90 - Nueva Mayoría,Alberto Fujimori,1999-01-03,1999-10-10,False,PCM,
Alberto Bustamante Belaúnde,Independiente,Alberto Fujimori,1999-10-10,2000-07-29,False,PCM,
Federico Salas-Guevara Schultz,Independiente,Alberto Fujimori,2000-07-29,2000-11-21,False,PCM,
Javier Pérez de Cuéllar de la Guerra,Unión por el Perú,Valentín Paniagua,2000-11-22,2001-10-28,False,PCM,
Roberto Dañino Zapata,Independiente,Alejandro Toledo,2001-07-28,2002-07-11,False,PCM,
Luis Solari de la Fuente,Perú Posible,Alejandro Toledo,2002-07-12,2003-06-23,False,PCM,
Beatriz Merino Lucero,Independiente,Alejandro Toledo,2003-06-23,2003-12-12,False,PCM,
Carlos Ferrero Costa,Perú Posible,Alejandro Toledo,2003-12-15,2005-08-15,False,PCM,
Pedro Pablo Kuczynski Godard,Independiente,Alejandro Toledo,2005-08-16,2006-07-28,False,PCM,
Jorge del Castillo Gálvez,Partido Aprista Peruano,Alan García,2006-07-28,2008-10-10,False,PCM,
Yehude Simon Munaro,Partido Humanista Peruano,Alan García,2008-10-14,2009-07-11,False,PCM,
Javier Velásquez Quesquén,Partido Aprista Peruano,Alan García,2009-07-11,2010-09-13,False,PCM,
José Antonio Chang Escobedo,Independiente,Alan García,2010-09-14,2011-03-18,False,PCM,
Rosario Fernández Figueroa,Independiente,Alan García,2011-03-19,2011-07-28,False,PCM,
Salomón Lerner Ghitis,Independiente,Ollanta Humala,2011-07-28,2011-12-10,False,PCM,
Óscar Valdés Dancuart,Independiente,Ollanta Humala,2011-12-10,2012-07-23,True,PCM,
Juan Jiménez Mayor,Independiente,Ollanta Humala,2012-07-23,2013-10-29,False,PCM,
César Villanueva Arévalo,Independiente,Ollanta Humala,2013-10-31,2014-02-24,False,PCM,
René Cornejo Díaz,Independiente,Ollanta Humala,2014-02-24,2014-07-22,False,PCM,
Ana Jara Velásquez,Partido Nacionalista Peruano,Ollanta Humala,2014-07-22,2015-04-02,False,PCM,
Pedro Cateriano Bellido,Independiente,Ollanta Humala,2015-04-02,2016-07-28,False,PCM,
Fernando Zavala Lombardi,Independiente,Pedro Pablo Kuczynski,2016-07-28,2017-09-15,False,PCM,
Mercedes Aráoz Fernández,Peruanos por el Kambio,Pedro Pablo Kuczynski,2017-09-17,2018-03-23,False,PCM,
Mercedes Aráoz Fernández,Peruanos por el Kambio,Martín Vizcarra,2018-03-23,2018-04-02,False,PCM,
César Villanueva Arévalo,Alianza para el Progreso,Martín Vizcarra,2018-04-02,2019-03-08,False,PCM,
Salvador del Solar Labarthe,Independiente,Martín Vizcarra,2019-03-11,2019-09-30,False,PCM,
Vicente Zeballos Salinas,Independiente,Martín Vizcarra,2019-09-30,2020-07-15,False,PCM,
Pedro Cateriano Bellido,Independiente,Martín Vizcarra,2020-07-15,2020-08-06,False,PCM,
Walter Martos Ruiz,Independiente,Martín Vizcarra,2020-08-06,2020-11-10,True,PCM,
Ántero Flores-Aráoz Esparza,Independiente,Manuel Merino,2020-11-11,2020-11-17,False,PCM,
Violeta Bermúdez Valdivia,Independiente,Francisco Sagasti,2020-11-18,2021-07-28,False,PCM,
Guido Bellido Ugarte,Perú Libre,Pedro Castillo,2021-07-29,2021-10-06,False,PCM,
Mirtha Vásquez Chuquilín,Frente Amplio,Pedro Castillo,2021-10-06,2022-01-31,False,PCM,
Héctor Valer Pinto,Somos Perú,Pedro Castillo,2022-02-01,2022-02-08,False,PCM,
Aníbal Torres Vásquez,Independiente,Pedro Castillo,2022-02-08,2022-11-24,False,PCM,
Betssy Chávez Chino,Perú Libre,Pedro Castillo,2022-11-25,2022-12-07,False,PCM,
Pedro Angulo Arana,Independiente,Dina Boluarte,2022-12-10,2022-12-21,False,PCM,
Alberto Otárola Peñaranda,Independiente,Dina Boluarte,2022-12-21,2024-03-05,False,PCM,
Gustavo Adrianzén Olaya,Independiente,Dina Boluarte,2024-03-06,2025-05-13,False,PCM,
Eduardo Arana Ysa,Independiente,Dina Boluarte,2025-05-14,2025-10-10,False,PCM,
Eduardo Arana Ysa,Independiente,José Jerí,2025-10-10,2025-10-12,False,PCM,
Ernesto Álvarez Miranda,Partido Popular Cristiano,José Jerí,2025-10-14,2026-02-17,False,PCM,
Ernesto Álvarez Miranda,Partido Popular Cristiano,José María Balcázar,2026-02-18,2026-02-24,False,PCM,
Denisse Miralles Miralles,Independiente,José María Balcázar,2026-02-24,2026-03-17,False,PCM,
Luis Arroyo Sánchez,Independiente,José María Balcázar,2026-03-17,,True,PCM,
Juan Manuel del Mar,,Ramón Castilla (2.º gob.),1855-12-01,1856-10-24,,,
Jervasio Álvarez y Montaño,,Ramón Castilla (2.º gob.),1856-10-24,1856-12-31,,,
Ignacio de Osma y Ramírez de Arellano[n 1],,Ramón Castilla (2.º gob.),1857-02-14,1857-04-01,,,
Juan Manuel del Mar,,Ramón Castilla (2.º gob.),1857-04-01,1858-07-13,,,
Manuel Morales,,Ramón Castilla (2.º gob.),1858-07-13,1859-09-28,,,
Miguel del Carpio y Melgar,,Ramón Castilla (2.º gob.),1859-09-28,1860-01-31,,,
José Fabio Melgar Valdivieso,,Ramón Castilla (2.º gob.),1860-01-31,1860-03-29,,,
Manuel Morales,,Ramón Castilla (2.º gob.),1860-03-29,1862-10-24,,,
Antonio Arenas,,Miguel de San Román,1862-10-24,1863-04-10,,,
Manuel Freyre,,Pedro Díez-Canseco (interino),1863-04-10,1863-08-05,,,
Cipriano Coronel Zegarra,,Juan Antonio Pezet,1863-08-05,1864-08-11,,,
Manuel Costas Arce,,Juan Antonio Pezet,1864-08-11,1864-10-14,,,
Evaristo Gómez Sánchez y Benavides,,Juan Antonio Pezet,1864-10-14,1865-11-06,,,
Francisco Javier Mariátegui y Tellería,,Pedro Díez-Canseco,1865-11-06,1865-11-27,,,
José María Químper (Secretario),,Mariano Ignacio Prado (1.º gob.),1865-11-27,1867-01-30,,,
Manuel María Rivas Pereira,,Mariano Ignacio Prado (1.º gob.),1867-01-30,1867-03-02,,,
Juan Miguel Gálvez,Militar,Mariano Ignacio Prado (1.º gob.),1867-03-02,1867-05-04,,,
Carlos Lissón,,Mariano Ignacio Prado (1.º gob.),1867-05-04,1867-06-03,,,
Pedro José Saavedra,,Mariano Ignacio Prado (1.º gob.),1867-06-03,1868-01-26,,,
Antonio Arenas,,Pedro Díez-Canseco,1868-01-26,1868-02-07,,,
Antonio Gutiérrez de la Fuente,Militar,Pedro Díez-Canseco,1868-02-07,1868-08-02,,,
Pedro Gálvez Egúsquiza,,José Balta,1868-08-02,1869-04-13,,,
Manuel Ferreyros Senra,Marino,José Balta,1869-04-13,1869-07-27,,,
Rafael Velarde Echevarría,,José Balta,1869-07-27,1869-10-22,,,
Francisco de Paula Secada,Militar,José Balta,1869-10-22,1870-06-28,,,
Manuel Santa María,Militar,José Balta,1870-06-28,1872-07-27,,,
Manuel Morales,,Mariano Herencia Zevallos,1872-07-27,1872-08-02,,,
Francisco Rosas Balcázar,Partido Civil,Manuel Pardo y Lavalle,1872-08-02,1874-09-28,,,
Ricardo W. Espinoza Medina,,Manuel Pardo y Lavalle,1874-09-28,1875-02-01,,,
Aurelio García y García,Marino,Manuel Pardo y Lavalle,1875-02-01,1876-08-02,,,
Manuel Benavides Canduela,,Mariano Ignacio Prado (2.º gob.),1876-08-02,1876-08-26,,,
Manuel González de la Cotera,Militar,Mariano Ignacio Prado (2.º gob.),1876-08-26,1877-06-04,,,
Juan Buendía y Noriega,Militar,Mariano Ignacio Prado (2.º gob.),1877-06-04,1878-06-18,,,
Fernando Palacios,,Mariano Ignacio Prado (2.º gob.),1878-06-18,1879-10-19,,,
Manuel Yrigoyen Arias (interino),,Mariano Ignacio Prado (2.º gob.),1878-10-19,1878-10-25,,,
Bruno Bueno,,Mariano Ignacio Prado (2.º gob.),1878-10-25,1878-12-17,,,
Juan Corrales Melgar,,Mariano Ignacio Prado (2.º gob.),1878-12-17,1879-05-17,,,
Rafael Velarde Echevarría,,Mariano Ignacio Prado (2.º gob.),1879-05-17,1879-10-16,,,
Juan E. Guzmán,,Mariano Ignacio Prado (2.º gob.),1879-10-16,1879-10-28,,,
Rafael Velarde Echevarría,,Mariano Ignacio Prado (2.º gob.),1879-10-28,1879-10-29,,,
Aurelio Denegri,Partido Civil,Mariano Ignacio Prado (2.º gob.),1879-10-29,1879-11-01,,,
Buenaventura Elguera,,Mariano Ignacio Prado (2.º gob.),1879-11-01,1879-12-24,,,
Nemecio Orbegoso (Secretario),,Nicolás de Piérola (Dictadura),1879-12-24,1881-03-12,,,
Manuel Velarde Seoane,Militar,Francisco García Calderón,1881-03-12,1882-09-04,,,
Camilo Carrillo Martínez,Marino,Lizardo Montero,1882-09-04,1883-01-10,,,
Manuel Velarde Seoane,Militar,Lizardo Montero,1883-01-17,1883-05-29,,,
Federico Herrera,,Lizardo Montero,1883-05-29,1883-10-25,,,
Lorenzo Iglesias,,Miguel Iglesias,1883-01-03,1883-08-27,,,
Martín Dulanto,,Miguel Iglesias,1883-08-27,1883-11-20,,,
Mariano Castro Zaldívar,,Miguel Iglesias,1883-11-20,1884-04-08,,,
Ignacio de Osma y Ramírez de Arellano,,Miguel Iglesias,1884-04-08,1884-08-11,,,
Juan de Aliaga y Puente,,Miguel Iglesias,1884-08-11,1885-05-14,,,
Joaquín Iglesias,,Miguel Iglesias,1885-05-14,1885-12-03,,,
José Eusebio Sánchez Pedraza,,Antonio Arenas (Consejo de Ministros),1885-12-03,1886-06-03,,,
Pedro Alejandrino del Solar,,Andrés A. Cáceres,1886-06-03,1886-10-06,,,
Manuel Velarde Seoane,Militar,Andrés A. Cáceres,1886-10-06,1886-11-22,,,
Pedro Alejandrino del Solar,Partido Constitucional,Andrés A. Cáceres,1886-11-22,1887-08-22,,,
Rufino Torrico,Militar,Andrés A. Cáceres,1887-08-22,1887-10-04,,,
Enrique Caravedo,,Andrés A. Cáceres,1887-10-04,1887-11-08,,,
Aurelio Denegri,,Andrés A. Cáceres,1887-11-08,1889-03-08,,,
José Mariano Jiménez Wald,,Andrés A. Cáceres,1889-03-08,1889-04-04,,,
Pedro Alejandrino del Solar,Partido Constitucional,Andrés A. Cáceres,1889-04-04,1890-02-11,,,
Guillermo Ferreyros,Militar,Andrés A. Cáceres,1890-02-11,1890-08-10,,,
Mariano Nicolás Valcárcel,,Remigio Morales Bermúdez,1890-08-10,1891-07-25,,,
Francisco G. Chávez (interino),,Remigio Morales Bermúdez,1891-07-25,1891-08-24,,,
Federico Herrera,,Remigio Morales Bermúdez,1891-08-24,1892-05-02,,,
Juan Ibarra y Ortiz,Partido Constitucional,Remigio Morales Bermúdez,1892-05-02,1892-06-30,,,
Carlos María Elías,Partido Constitucional,Remigio Morales Bermúdez,1892-06-30,1893-03-03,,,
Manuel Velarde Seoane,Militar,Remigio Morales Bermúdez,1893-03-03,1893-05-11,,,
Pedro José Zavala,,Remigio Morales Bermúdez,1893-05-11,1893-09-28,,,
Alfredo Gastón,,Remigio Morales Bermúdez,1893-09-28,1894-04-01,,,
Guillermo Ferreyros,Militar,Justiniano Borgoño,1894-04-01,1894-08-10,,,
Cesáreo Chacaltana,Partido Civil,Andrés A. Cáceres,1894-08-10,1894-11-16,,,
José Salvador Cavero Ovalle,Partido Constitucional,Andrés A. Cáceres,1894-11-16,1895-03-20,,,
Ricardo W. Espinoza Medina,,Manuel Candamo (Junta de Gobierno),1895-03-20,1895-09-08,,,
Antonio Bentín,Partido Demócrata,Nicolás de Piérola,1895-09-08,1895-11-30,,,
Benjamín Boza,Partido Demócrata,Nicolás de Piérola,1895-11-30,1895-11-30,,,
Benjamín Boza,,Nicolás de Piérola,1895-11-30,1896-08-08,,,
José María de la Puente,,Nicolás de Piérola,1896-08-08,1896-08-19,,,
Lorenzo Arrieta,,Nicolás de Piérola,1896-08-19,1897-11-25,,,
Alejandro López de Romaña,,Nicolás de Piérola,1897-11-25,1897-12-23,,,
José María de la Puente,,Nicolás de Piérola,1897-12-23,1899-09-08,,,
Domingo J. Parra Aubide,Militar,Eduardo López de Romaña,1899-09-08,1900-08-07,,,
Enrique Coronel Zegarra,,Eduardo López de Romaña,1900-08-07,1900-10-02,,,
Ernesto Zapata,Militar,Eduardo López de Romaña,1900-10-02,1901-09-11,,,
Leonidas Cárdenas,,Eduardo López de Romaña,1901-09-11,1902-08-09,,,
Alejandro Deustua Escarza,,Eduardo López de Romaña,1902-08-09,1902-11-04,,,
Rafael Villanueva Cortez,,Eduardo López de Romaña,1902-11-04,1903-09-08,,,
Juan de Dios de la Quintana,,Manuel Candamo,1903-09-08,1904-05-14,,,
Juan de Dios de la Quintana,,Serapio Calderón,1904-05-14,1904-09-24,,,
Eulogio Romero Salcedo,,José Pardo y Barreda,1904-09-24,1906-02-19,,,
Ernesto Zapata,Militar,José Pardo y Barreda,1906-02-19,1906-07-31,,,
Amador F. del Solar Cárdenas,,José Pardo y Barreda,1906-07-31,1906-08-20,,,
Hernán Velarde Diez Canseco,,José Pardo y Barreda,1906-08-20,1907-05-11,,,
Agustín Tovar Aguilar,Partido Civil,José Pardo y Barreda,1907-05-11,1907-10-09,,,
Germán Arenas y Loayza,,José Pardo y Barreda,1907-10-09,1908-09-24,,,
Miguel Abraham Rojas,,Augusto B. Leguía,1908-09-24,1909-06-08,,,
Rafael Villanueva Cortez,,Augusto B. Leguía,1909-06-08,1910-03-14,,,
Javier Prado y Ugarteche,,Augusto B. Leguía,1910-03-14,1910-08-03,,,
José Manuel García Córdova,,Augusto B. Leguía,1910-08-03,1910-11-03,,,
Enrique C. Basadre Stevenson,,Augusto B. Leguía,1910-11-03,1911-08-31,,,
Juan de Dios Salazar y Oyarzábal,,Augusto B. Leguía,1911-08-31,1911-10-16,,,
Plácido Jiménez,,Augusto B. Leguía,1911-10-16,1912-09-24,,,
Elías Malpartida Franco,,Guillermo Billinghurst,1912-09-24,1912-12-24,,,
Abel I. Montes,,Guillermo Billinghurst,1912-12-24,1913-02-24,,,
Federico Luna y Peralta,,Guillermo Billinghurst,1913-02-24,1913-06-17,,,
Aurelio Sousa y Matute,,Guillermo Billinghurst,1913-06-17,1913-07-27,,,
Gonzalo Tirado,,Guillermo Billinghurst,1913-07-27,1914-02-04,,,
Arturo Osores Cabrera,Partido Constitucional,Óscar R. Benavides,1914-02-04,1914-05-16,,,
Hildebrando Fuentes,,Óscar R. Benavides,1914-05-16,1914-08-22,,,
Fernando Fuchs,,Óscar R. Benavides,1914-08-22,1915-02-19,,,
Víctor R. Benavides,,Óscar R. Benavides,1915-02-19,1915-08-18,,,
Luis Julio Menéndez,,José Pardo y Barreda,1915-08-18,1916-08-02,,,
José Manuel García Bedoya,,José Pardo y Barreda,1916-08-02,1917-03-07,,,
Ezequiel Muñoz,,José Pardo y Barreda,1917-03-07,1917-07-27,,,
Germán Arenas y Loayza,,José Pardo y Barreda,1917-07-27,1918-02-26,,,
Samuel Sayán y Palacios,,José Pardo y Barreda,1918-02-26,1918-09-02,,,
Clemente Revilla,Partido Civil,José Pardo y Barreda,1918-09-02,1918-12-18,,,
Germán Arenas y Loayza,,José Pardo y Barreda,1918-12-18,1919-04-26,,,
Óscar Mavila Ruiz,,José Pardo y Barreda,1919-04-26,1919-07-04,,,
Mariano H. Cornejo,,Augusto B. Leguía,1919-07-04,1919-08-24,,,
Alejandrino Maguiña,,Augusto B. Leguía,1919-08-24,1919-12-06,,,
Germán Leguía y Martínez,,Augusto B. Leguía,1919-12-06,1922-10-08,,,
Pedro José Rada y Gamio,,Augusto B. Leguía,1922-10-08,1924-10-12,,,
Jesús M. Salazar,,Augusto B. Leguía,1924-10-12,1926-08-02,,,
José Manuel García Córdova,,Augusto B. Leguía,1926-08-02,1926-12-26,,,
Celestino Manchego Muñoz,,Augusto B. Leguía,1926-12-26,1927-12-24,,,
Arturo Rubio,,Augusto B. Leguía,1927-12-24,1929-10-12,,,
Benjamín Huamán de los Heros,,Augusto B. Leguía,1929-10-12,1930-08-24,,,
Roberto López,Militar,Augusto B. Leguía,1930-08-24,1930-08-25,,,
Eulogio Castillo,Militar,Junta Militar (Manuel Ponce),1930-08-25,1930-08-27,,,
Gustavo Jiménez Saldías,Militar,Junta Militar (Luis Sánchez Cerro),1930-08-27,1930-11-24,,,
Antonio Beingolea Balarezo,Militar,Junta Militar (Luis Sánchez Cerro),1930-11-24,1931-03-11,,,
Francisco Tamayo Pacheco,,Junta Nacional (Samanez Ocampo),1931-03-11,1931-12-08,,,
José Manuel García Bedoya,,Luis Sánchez Cerro,1931-12-08,1932-02-29,,,
Luis Alberto Flores Medina,,Luis Sánchez Cerro,1932-02-29,1932-05-20,,,
Julio Chávez Cabello,,Luis Sánchez Cerro,1932-05-20,1933-04-30,,,
Julio Chávez Cabello,,Óscar R. Benavides,1933-04-30,1933-06-26,,,
Jorge Prado Ugarteche,,Óscar R. Benavides,1933-06-26,1933-11-26,,,
Alfredo Henriod,Militar,Óscar R. Benavides,1933-11-26,1935-05-21,,,
Antonio Rodríguez Ramírez,Militar,Óscar R. Benavides,1935-05-21,1939-03-20,,,
Diómedes Arias Schreiber,,Óscar R. Benavides,1939-03-20,1939-12-08,,,
Guillermo Garrido Lecca,,Manuel Prado,1939-12-08,1942-05-21,,,
Ricardo de la Puente y Ganoza,,Manuel Prado,1942-05-21,1945-07-28,,,
Rafael Belaúnde Diez Canseco,FDN,José Bustamante y Rivero,1945-07-28,1946-01-23,,,
Manuel E. Rodríguez,Militar,José Bustamante y Rivero,1946-01-23,1947-01-12,,,
Manuel A. Odría Amoretti,Militar,José Bustamante y Rivero,1947-01-12,1948-06-17,,,
Julio César Villegas Cerro,,José Bustamante y Rivero,1948-06-17,1948-11-03,,,
Augusto Villacorta Álvarez,,Junta Militar (Odría-Noriega),1948-11-03,1950-07-28,,,
Ricardo de la Puente y Ganoza,,Manuel Odría,1950-07-28,1952-03-20,,,
Augusto Romero Lovo,Militar,Manuel Odría,1952-03-20,1955-09-16,,,
Alejandro Esparza Zañartu,,Manuel Odría,1955-09-16,1955-12-22,,,
Augusto Villacorta Álvarez,,Manuel Odría,1955-12-22,1956-07-28,,,
Jorge Fernández Stoll,,Manuel Prado Ugarteche,1956-07-28,1958-04-07,,,
Carlos Carrillo Smith,,Manuel Prado Ugarteche,1958-04-07,1960-06-16,,,
Ricardo Elías Aparicio,,Manuel Prado Ugarteche,1960-06-16,1962-07-18,,,
Juan Bossio Collas,,Junta Militar (Pérez Godoy-Lindley),1962-07-18,1962-10-10,,,
Germán Pagador Blondet,,Junta Militar (Pérez Godoy-Lindley),1962-10-10,1963-07-28,,,
Óscar Trelles Montes,Acción Popular,Fernando Belaúnde Terry,1963-07-28,1964-01-01,,,
Juan Languasco de Habich,Acción Popular,Fernando Belaúnde Terry,1964-01-01,1964-07-27,,,
Miguel Rotalde de Romaña,,Fernando Belaúnde Terry,1964-07-27,1965-08-01,,,
Octavio Mongrut Muñoz,Acción Popular,Fernando Belaúnde Terry,1965-08-01,1965-09-15,,,
Javier Alva Orlandini,Acción Popular,Fernando Belaúnde Terry,1965-09-15,1966-10-26,,,
Luis Alayza Escardó,Acción Popular,Fernando Belaúnde Terry,1966-10-26,1967-07-09,,,
Luis Ponce Arenas,Marino,Fernando Belaúnde Terry,1967-07-09,1968-06-02,,,
Carlos Velarde Cabello,Acción Popular,Fernando Belaúnde Terry,1968-06-02,1968-10-02,,,
Manuel Velarde Aspíllaga,Acción Popular,Fernando Belaúnde Terry,1968-10-02,1968-10-03,,,
Armando Artola Azcárate,General EP,Juan Velasco Alvarado,1968-10-03,1971-05-18,,,
Pedro Richter Prada,General EP,Juan Velasco Alvarado,1971-05-18,1975-09-03,,,
César Campos Quesada,General EP,Francisco Morales Bermúdez,1975-09-03,1976-02-01,,,
Luis Cisneros Vizquerra,General EP,Francisco Morales Bermúdez,1976-02-01,1978-05-12,,,
Fernando Velit Sabattini,General EP,Francisco Morales Bermúdez,1978-05-12,1980-05-07,,,
César Iglesias Barrón,General EP,Francisco Morales Bermúdez,1980-05-07,1980-07-28,,,
José María de la Jara y Ureta,Acción Popular,Fernando Belaúnde Terry,1980-07-28,1981-10-30,,,
José Gagliardi Schiaffino,General FAP,Fernando Belaúnde Terry,1981-10-30,1983-01-03,,,
Fernando Rincón Bazo,Acción Popular,Fernando Belaúnde Terry,1983-01-03,1983-03-21,,,
Luis Pércovich Roca,Acción Popular,Fernando Belaúnde Terry,1983-03-21,1984-10-15,,,
Óscar Brush Noel,General de Ejército EP,Fernando Belaúnde Terry,1984-10-15,1985-07-28,,,
Abel Salinas Izaguirre,Partido Aprista Peruano,Alan García,1985-07-28,1987-06-29,,,
José Barsallo Burga,Partido Aprista Peruano,Alan García,1987-06-29,1988-05-15,,,
Juan Soria Díaz,Partido Aprista Peruano,Alan García,1988-05-15,1989-03-02,,,
Armando Villanueva del Campo,Partido Aprista Peruano,Alan García,1989-03-02,1989-05-12,,,
Agustín Mantilla Campos,Partido Aprista Peruano,Alan García,1989-05-12,1990-07-28,,,
Adolfo Alvarado Fournier,General EP (r),Alberto Fujimori,1990-07-28,1991-04-02,,,
Víctor Malca Villanueva,General EP (r),Alberto Fujimori,1991-04-02,1991-11-07,,,
Juan Briones Dávila,General EP (r),Alberto Fujimori,1991-11-07,1997-04-20,,,
César Saucedo Sánchez,General EP (r),Alberto Fujimori,1997-04-20,1997-07-18,,,
José Villanueva Ruesta,General EP (r),Alberto Fujimori,1997-07-18,1999-08-19,,,
César Saucedo Sánchez,General EP (r),Alberto Fujimori,1999-08-19,2000-07-29,,,
Walter Chacón Málaga,General EP,Alberto Fujimori,2000-07-29,2000-10-28,,,
Fernando Dianderas Ottone,General PNP,Alberto Fujimori,2000-10-28,2000-11-25,,,
Ketín Vidal Herrera,General PNP (r),Valentín Paniagua,2000-11-25,2001-07-28,,,
Fernando Rospigliosi Capurro,Perú Posible,Alejandro Toledo,2001-07-28,2002-07-12,,,
Gino Costa Santolalla,Independiente,Alejandro Toledo,2002-07-12,2003-01-27,,,
Alberto Sanabria Ortiz,Perú Posible,Alejandro Toledo,2003-01-27,2003-07-25,,,
Fernando Rospigliosi Capurro,Perú Posible,Alejandro Toledo,2003-07-25,2004-05-07,,,
Javier Reátegui Rosselló,Perú Posible,Alejandro Toledo,2004-05-08,2005-01-14,,,
Félix Murazzo Carrillo,General PNP (r),Alejandro Toledo,2005-01-14,2005-08-16,,,
Rómulo Pizarro Tomasio,Perú Posible,Alejandro Toledo,2005-08-16,2006-07-28,,,
Pilar Mazzetti Soler,Independiente (Primera mujer en asumir el cargo),Alan García,2006-07-28,2007-02-24,,,
Luis Alva Castro,Partido Aprista Peruano,Alan García,2007-02-27,2008-10-14,,,
Remigio Hernani Meloni,General PNP (r),Alan García,2008-10-14,2009-02-19,,,
Mercedes Cabanillas Bustamante,Partido Aprista Peruano,Alan García,2009-02-19,2009-07-19,,,
Octavio Salazar Miranda,General PNP (r),Alan García,2009-07-19,2010-09-12,,,
Fernando Barrios Ipenza,Partido Aprista Peruano,Alan García,2010-09-14,2010-11-22,,,
Miguel Hidalgo Medina,General PNP (r),Alan García,2010-11-23,2011-07-28,,,
Óscar Valdés Dancuart,Militar (r),Ollanta Humala,2011-07-28,2011-12-10,,,
Daniel Lozada Casapia,Independiente,Ollanta Humala,2011-12-11,2012-05-10,,,
Wilver Calle Girón,General de División EP (r),Ollanta Humala,2012-05-14,2012-07-23,,,
Wilfredo Pedraza Sierra,Independiente,Ollanta Humala,2012-07-23,2013-11-15,,,
Walter Albán Peralta,Independiente,Ollanta Humala,2013-11-19,2014-06-23,,,
Daniel Urresti Elera,General de Brigada EP (r),Ollanta Humala,2014-06-23,2015-02-17,,,
José Luis Pérez Guadalupe,Independiente,Ollanta Humala,2015-02-17,2016-07-28,,,
Carlos Basombrío Iglesias,Independiente,Pedro Pablo Kuczynski,2016-07-28,2017-12-22,,,
Vicente Romero Fernández,General PNP (r),Pedro Pablo Kuczynski,2017-12-27,2018-04-02,,,
Mauro Medina Guimaraes,General PNP (r),Martín Vizcarra,2018-04-02,2018-10-17,,,
Carlos Morán Soto,General PNP (r),Martín Vizcarra,2018-10-19,2020-04-24,,,
Gastón Rodríguez Limo,General PNP (r),Martín Vizcarra,2020-04-24,2020-07-15,,,
Jorge Montoya Pérez,Teniente General FAP (r),Martín Vizcarra,2020-07-15,2020-09-09,,,
César Gentille Vargas,General PNP (r),Martín Vizcarra,2020-09-10,2020-11-10,,,
Gastón Rodríguez Limo,General PNP (r),Manuel Merino,2020-11-12,2020-11-17,,,
Rubén Vargas Céspedes,Independiente,Francisco Sagasti,2020-11-18,2020-12-02,,,
Cluber Aliaga Lodtmann,General PNP (r),Francisco Sagasti,2020-12-02,2020-12-07,,,
José Elice Navarro,Partido Morado,Francisco Sagasti,2020-12-07,2021-07-28,,,
Juan Carrasco Millones,Juntos por el Perú,Pedro Castillo,2021-07-29,2021-10-06,,,
Luis Barranzuela Vite,Independiente,Pedro Castillo,2021-10-06,2021-11-03,,,
Avelino Guillén Jáuregui,Independiente,Pedro Castillo,2021-11-04,2022-01-30,,,
Alfonso Chávarry Estrada,Coronel PNP (r),Pedro Castillo,2022-02-01,2022-05-22,,,
Dimitri Senmache Artola,Independiente,Pedro Castillo,2022-05-22,2022-06-30,,,
Mariano González Fernández,Victoria Nacional,Pedro Castillo,2022-07-04,2022-07-19,,,
Willy Huerta Olivas,Independiente,Pedro Castillo,2022-07-19,2022-12-07,,,
César Cervantes Cárdenas,General PNP (r),Dina Boluarte,2022-12-10,2022-12-21,,,
Víctor Rojas Herrera,General PNP (r),Dina Boluarte,2022-12-21,2023-01-13,,,
Vicente Romero Fernández,General PNP (r),Dina Boluarte,2023-01-13,2023-11-17,,,
Víctor Torres Falcón,General PNP (r),Dina Boluarte,2023-11-21,2024-04-01,,,
Walter Ortiz Acosta,General PNP (r),Dina Boluarte,2024-04-01,2024-05-16,,,
Juan José Santiváñez Antúnez,Independiente,Dina Boluarte,2024-05-16,2025-03-24,,,
Julio Díaz Zulueta,Policía en retiro,Dina Boluarte,2025-03-24,2025-05-13,,,
Carlos Malaver Odias,General PNP (r),Dina Boluarte,2025-05-13,2025-10-10,,,
Vicente Tiburcio Orbezo,General PNP (r),José Jerí,2025-10-14,2026-02-24,,,
Hugo Begazo de Bedoya,General PNP (r),José María Balcázar,2026-02-24,2026-03-17,,,
José Zapata Morante,,José María Balcázar,2026-03-17,,,,
Manuel Villarán Loli,Clérigo,Andrés de Santa Cruz,1837-02-05,1839-11-26,,Educacion,False
Agustín Guillermo Charún,Clérigo,Agustín Gamarra,1839-11-26,1842-10-20,,Educacion,False
Benito Laso de la Vega,Liberal,Francisco de Vidal,1842-10-20,1851-10-01,,Educacion,False
Bartolomé Herrera Vélez,,José Rufino Echenique,1851-10-01,1852-07-26,,Educacion,False
Agustín Guillermo Charún,,José Rufino Echenique,1852-07-26,1853-09-22,,Educacion,False
José Manuel Tirado,,José Rufino Echenique,1853-09-22,1853-11-30,,Educacion,False
José Luis Gómez-Sánchez Rivero,,José Rufino Echenique,1853-11-30,1854-07-06,,Educacion,False
Blas José Alzamora Seminario,,José Rufino Echenique,1854-07-06,1856-11-25,,Educacion,False
Jervasio Álvarez y Montaño,,Ramón Castilla,1856-11-25,1857-02-14,,Educacion,False
Luciano María Cano,,Ramón Castilla,1857-02-14,1859-09-01,,Educacion,False
José Fabio Melgar Valdivieso,,Ramón Castilla,1859-09-01,1860-12-29,,Educacion,False
Juan Oviedo,,Ramón Castilla,1860-12-29,1862-10-27,,Educacion,False
Melchor Vidaurre,,Miguel de San Román,1862-10-27,1863-04-12,,Educacion,False
Bernardo Muñoz,,Pedro Diez Canseco,1863-04-12,1863-08-05,,Educacion,False
Mariano Santos Álvarez Villegas,,Juan Antonio Pezet,1863-08-05,1864-08-11,,Educacion,False
José Simeón Tejeda Mares,,Juan Antonio Pezet,1864-08-11,1864-10-15,,Educacion,False
Manuel Antonio Zárate,,Juan Antonio Pezet,1864-10-15,1865-09-26,,Educacion,False
José Luis Quiñones,,Juan Antonio Pezet,1865-09-26,1865-11-27,,Educacion,False
José Simeón Tejeda Mares,,Mariano Ignacio Prado,1865-11-27,1867-05-02,,Educacion,False
Pedro José Tordoya Montoya,,Mariano Ignacio Prado,1867-05-02,1867-05-04,,Educacion,False
Mariano Dorado,,Mariano Ignacio Prado,1867-05-04,1867-06-03,,Educacion,False
Felipe Osorio,,Mariano Ignacio Prado,1867-06-03,1868-01-27,,Educacion,False
Bernardo Muñoz,,Pedro Diez Canseco,1868-01-27,1868-08-04,,Educacion,False
Luciano Benjamín Cisneros,,José Balta,1868-08-04,1868-08-21,,Educacion,False
José Antonio Barrenechea,,José Balta,1868-08-21,1868-11-21,,Educacion,False
Teodoro La Rosa,,José Balta,1868-11-21,1869-10-26,,Educacion,False
Mariano Felipe Paz Soldán,,José Balta,1869-10-26,1870-06-27,,Educacion,False
José Nicolás de Araníbar y Llano,,José Balta,1870-06-27,1871-11-13,,Educacion,False
Melchor Telésforo García,,José Balta,1871-11-13,1872-07-27,,Educacion,False
José Eusebio Sánchez,,Mariano Herencia Zevallos,1872-07-27,1872-08-02,,Educacion,False
José Eusebio Sánchez,,Manuel Pardo y Lavalle,1872-08-02,1875-02-01,,Educacion,False
Manuel Odriozola Romero,,Manuel Pardo y Lavalle,1875-02-01,1876-08-03,,Educacion,False
Antonio Arenas Merino,,Mariano Ignacio Prado,1876-08-03,1876-08-26,,Educacion,False
Teodoro La Rosa,,Mariano Ignacio Prado,1876-08-26,1877-06-08,,Educacion,False
Manuel Morales,,Mariano Ignacio Prado,1877-06-08,1878-06-18,,Educacion,False
José Jorge Loayza,,Mariano Ignacio Prado,1878-06-18,1878-12-17,,Educacion,False
Mariano Felipe Paz Soldán,,Mariano Ignacio Prado,1878-12-17,1879-10-16,,Educacion,False
José Viterbo Arias,,Mariano Ignacio Prado,1879-10-16,1879-10-29,,Educacion,False
Ramón Ribeyro,,Mariano Ignacio Prado,1879-10-29,1879-11-01,,Educacion,False
Adolfo Quiroga,,Mariano Ignacio Prado,1879-11-01,1879-12-14,,Educacion,False
Federico Panizo González,,Nicolás de Piérola (dictador),1879-12-14,1881-03-12,,Educacion,False
José Miguel Vélez,,Francisco García Calderón,1881-03-12,1881-10-08,,Educacion,False
Pedro Alejandrino del Solar,,Nicolás de Piérola (presidente provisorio),1881-10-08,1882-09-06,,Educacion,False
Epifanio Serpa Arana,,Lizardo Montero,1882-09-06,1883-01-03,,Educacion,False
Lorenzo Iglesias Pino de Arce,,Miguel Iglesias,1883-01-03,1883-08-27,,Educacion,False
Manuel Antonio Barinaga,,Miguel Iglesias,1883-08-27,1884-04-07,,Educacion,False
Mariano Castro Zaldívar,,Miguel Iglesias,1884-04-07,1885-05-09,,Educacion,False
Manuel Tovar y Chamorro,,Miguel Iglesias,1885-05-09,1886-06-03,,Educacion,False
Juan Francisco Pazos Monasí,,Andrés Avelino Cáceres,1886-06-03,1886-10-06,,Educacion,False
Luis Felipe Villarán Angulo,,Andrés Avelino Cáceres,1886-10-06,1886-11-23,,Educacion,False
Félix Cipriano Coronel Zegarra,,Andrés Avelino Cáceres,1886-11-23,1887-10-04,,Educacion,False
Raymundo Morales Arias,,Andrés Avelino Cáceres,1887-10-04,1887-11-09,,Educacion,False
Arturo García Chávez,,Andrés Avelino Cáceres,1887-11-09,1888-07-11,,Educacion,False
Adolfo Villagarcía Orellana,,Andrés Avelino Cáceres,1888-07-11,1889-03-08,,Educacion,False
Ezequiel Vega,,Andrés Avelino Cáceres,1889-03-08,1889-04-05,,Educacion,False
Guillermo A. Seoane Avellafuertes,,Andrés Avelino Cáceres,1889-04-05,1890-02-11,,Educacion,False
José Gregorio Galindo,,Andrés Avelino Cáceres,1890-02-11,1890-08-10,,Educacion,False
Francisco Gerardo Chávez,,Remigio Morales Bermúdez,1890-08-10,1891-08-24,,Educacion,False
Epifanio Serpa Arana,,Remigio Morales Bermúdez,1891-08-24,1892-06-30,,Educacion,False
Ismael Puirredón,,Remigio Morales Bermúdez,1892-06-30,1893-03-03,,Educacion,False
Félix Cipriano Coronel Zegarra,,Remigio Morales Bermúdez,1893-03-03,1893-05-11,,Educacion,False
Alfredo Gastón,,Remigio Morales Bermúdez,1893-05-11,1893-09-28,,Educacion,False
Estanislao Pardo de Figueroa y de Águila,,Remigio Morales Bermúdez,1893-09-28,1894-04-02,,Educacion,False
Martín Dulanto,,Justiniano Borgoño,1894-04-02,1894-08-10,,Educacion,False
José Salvador Cavero Ovalle,,Andrés Avelino Cáceres,1894-08-10,1894-11-16,,Educacion,False
Manuel Vicente Morote,,Andrés Avelino Cáceres,1894-11-16,1895-03-20,,Educacion,False
Luis Felipe Villarán Angulo,,Manuel Candamo (Junta de Gobierno),1895-03-20,1895-09-09,,Educacion,False
Augusto S. Albarracín,,Nicolás de Piérola,1895-09-09,1895-11-30,,Educacion,False
Manuel Antonio Barinaga,,Nicolás de Piérola,1895-11-30,1896-08-08,,Educacion,False
Manuel Pablo Olaechea,,Nicolás de Piérola,1896-08-08,1897-11-25,,Educacion,False
José Antonio de Lavalle y Pardo,,Nicolás de Piérola,1897-11-25,1898-03-16,,Educacion,False
José Jorge Loayza,,Nicolás de Piérola,1898-03-16,1899-09-08,,Educacion,False
Eleodoro Romero Salcedo,,Eduardo López de Romaña,1899-09-08,1900-03-30,,Educacion,False
Ezequiel Vega,,Eduardo López de Romaña,1900-03-30,1900-08-07,,Educacion,False
Pedro Carlos Olaechea,,Eduardo López de Romaña,1900-08-07,1900-10-02,,Educacion,False
Rafael Villanueva Cortez,,Eduardo López de Romaña,1900-10-02,1901-03-11,,Educacion,False
Anselmo Barreto León,,Eduardo López de Romaña,1901-03-11,1901-09-11,,Educacion,False
Lizardo Alzamora Mayo,,Eduardo López de Romaña,1901-09-11,1902-08-06,,Educacion,False
José Viterbo Arias,,Eduardo López de Romaña,1902-08-06,1902-11-04,,Educacion,False
Telémaco Orihuela,,Eduardo López de Romaña,1902-11-04,1903-09-08,,Educacion,False
Francisco José Eguiguren,,Manuel Candamo,1903-09-08,1904-09-24,,Educacion,False
Jorge Polar Vargas,,José Pardo (1.º gob.),1904-09-24,1906-11-19,,Educacion,False
Carlos A. Washburn Salas,,José Pardo (1.º gob.),1906-11-19,1908-09-24,,Educacion,False
Manuel Vicente Villarán Godoy,,Augusto B. Leguía (1.º gob.),1908-09-24,1909-06-08,,Educacion,False
Matías León Carrera,,Augusto B. Leguía (1.º gob.),1909-06-08,1910-03-14,,Educacion,False
Antonio Flores Rondón,,Augusto B. Leguía (1.º gob.),1910-03-14,1910-11-03,,Educacion,False
José Salvador Cavero Ovalle,,Augusto B. Leguía (1.º gob.),1910-11-03,1910-12-28,,Educacion,False
Antonio Flores Rondón,,Augusto B. Leguía (1.º gob.),1910-12-28,1911-08-31,,Educacion,False
Agustín G. Ganoza y Cavero,,Augusto B. Leguía (1.º gob.),1911-08-31,1912-09-24,,Educacion,False
Francisco Moreyra y Riglos,,Guillermo Billinghurst,1912-09-24,1913-06-17,,Educacion,False
Alfredo Solf y Muro,,Guillermo Billinghurst,1913-06-17,1913-07-27,,Educacion,False
Carlos Paz Soldán y Benavides,,Guillermo Billinghurst,1913-07-27,1914-02-04,,Educacion,False
Rafael Grau Cavero,,Óscar R. Benavides (1.º gob.),1914-02-04,1914-05-15,,Educacion,False
Luis Julio Menéndez,,Óscar R. Benavides (1.º gob.),1914-05-15,1914-08-22,,Educacion,False
Aurelio Sousa y Matute,,Óscar R. Benavides (1.º gob.),1914-08-22,1914-10-22,,Educacion,False
Daniel Isaac Castillo,,Óscar R. Benavides (1.º gob.),1914-10-22,1915-02-19,,Educacion,False
Plácido Jiménez,,Óscar R. Benavides (1.º gob.),1915-02-19,1915-08-18,,Educacion,False
Wenceslao Valera Olano,,José Pardo (2.º gob.),1915-08-18,1917-07-27,,Educacion,False
Ricardo L. Flores Gaviño,,José Pardo (2.º gob.),1917-07-27,1918-12-18,,Educacion,False
Ángel Gustavo Cornejo Bouroncle,,José Pardo (2.º gob.),1918-12-18,1919-03-25,,Educacion,False
Federico Panizo Orbegoso,,José Pardo (2.º gob.),1919-03-25,1919-07-04,,Educacion,False
Arturo Osores Cabrera,,Augusto B. Leguía (2.º gob.),1919-07-04,1919-12-06,,Educacion,False
Alberto Salomón Osorio,,Augusto B. Leguía (2.º gob.),1919-12-06,1920-10-01,,Educacion,False
Óscar C. Barrós Mesinas,,Augusto B. Leguía (2.º gob.),1920-10-01,1922-07-28,,Educacion,False
Julio E. Ego-Aguirre,,Augusto B. Leguía (2.º gob.),1922-07-28,1924-05-10,,Educacion,False
Alejandrino Maguiña,,Augusto B. Leguía (2.º gob.),1924-05-10,1926-12-09,,Educacion,False
Pedro M. Oliveira,,Augusto B. Leguía (2.º gob.),1926-12-09,1929-03-06,,Educacion,False
Matías León Carrera,,Augusto B. Leguía (2.º gob.),1929-03-06,1930-03-05,,Educacion,False
José Ángel Escalante,,Augusto B. Leguía (2.º gob.),1930-03-05,1930-08-24,,Educacion,False
Germán Yáñez,,Augusto B. Leguía (2.º gob.),1930-08-24,1930-08-25,,Educacion,False
Arturo Zapata Vélez,,Manuel M. Ponce B. (Junta Militar),1930-08-25,1930-08-27,,Educacion,False
Armando Sologuren,,Luis Sánchez Cerro (Junta Militar),1930-08-27,1930-11-28,,Educacion,False
José Luis Bustamante y Rivero,,Luis Sánchez Cerro (Junta Militar),1930-11-28,1931-02-20,,Educacion,False
Elías Lozada Benavente,,Luis Sánchez Cerro (Junta Militar),1931-02-20,1931-03-11,,Educacion,False
José Gálvez Barrenechea,,David Samanez Ocampo (Junta Nacional),1931-03-11,1931-07-23,,Educacion,False
Guillermo Garrido Lecca,,David Samanez Ocampo (Junta Nacional),1931-07-23,1931-12-12,,Educacion,False
Eufrasio Álvarez,,Luis Sánchez Cerro,1931-12-12,1932-01-29,,Educacion,False
Carlos Sayán Álvarez,,Luis Sánchez Cerro,1932-01-29,1932-05-20,,Educacion,False
Ricardo Rivadeneira Barnuevo,,Luis Sánchez Cerro,1932-05-20,1932-09-16,,Educacion,False
Alberto Ballón Landa,,Luis Sánchez Cerro,1932-09-16,1932-12-24,,Educacion,False
Wenceslao Delgado,,Luis Sánchez Cerro,1932-12-24,1933-04-30,,Educacion,False
Wenceslao Delgado,,Óscar R. Benavides (2.º gob.),1933-04-30,1933-07-04,,Educacion,False
Daniel Olaechea y Olaechea,,Óscar R. Benavides (2.º gob.),1933-07-04,1933-11-25,,Educacion,False
José de la Riva Agüero y Osma,,Óscar R. Benavides (2.º gob.),1933-11-25,1934-05-19,,Educacion,False
Alberto Rey de Castro y Romaña,,Óscar R. Benavides (2.º gob.),1934-05-19,1934-12-24,,Educacion,False
Carlos Arenas y Loayza,,Óscar R. Benavides (2.º gob.),1934-12-24,1935-05-21,,Educacion,False
Ernesto Montagne Markholz,Unión Revolucionaria,Óscar R. Benavides,1935-05-21,1939-04-19,,Educacion,True
Óscar Arrús Grillo,Independiente,Óscar R. Benavides,1939-04-19,1939-12-08,,Educacion,True
Pedro M. Oliveira Sayán,Independiente,Manuel Prado Ugarteche,1939-12-08,1943-04-28,,Educacion,True
Lino Cornejo Zegarra,Partido Civil,Manuel Prado Ugarteche,1943-04-28,1943-07-28,,Educacion,True
Enrique Laroza Lestonnat,Independiente,Manuel Prado Ugarteche,1943-07-28,1945-07-28,,Educacion,True
Jorge Basadre Grohmann,Independiente,José Luis Bustamante y Rivero,1945-07-28,1945-10-06,,Educacion,True
Luis Eduardo Valcárcel Vizcarra,Independiente,José Luis Bustamante y Rivero,1945-10-07,1947-01-10,,Educacion,True
Cristóbal de Losada y Puga,Independiente,José Luis Bustamante y Rivero,1947-01-11,1947-10-30,,Educacion,True
Óscar Torres Velásquez,Militar,José Luis Bustamante y Rivero,1947-10-30,1948-06-17,,Educacion,True
Honorio Delgado Espinoza,Independiente,José Luis Bustamante y Rivero,1948-06-17,1948-10-27,,Educacion,True
Juan Mendoza Rodríguez,Militar,Manuel A. Odría (Ochenio),1948-11-01,1952-12-17,,Educacion,True
Alfonso Balaguer Regalado,Marino,Manuel A. Odría (Ochenio),1952-12-18,1954-01-29,,Educacion,True
Carlos González Iglesias,Militar,Manuel A. Odría (Ochenio),1954-01-29,1955-09-15,,Educacion,True
Carlos Rodríguez Pastor,Independiente,Manuel A. Odría (Ochenio),1955-09-15,1955-12-02,,Educacion,True
Mariano Iberico Rodríguez,Independiente,Manuel A. Odría (Ochenio),1955-12-02,1955-12-24,,Educacion,True
Juan Mendoza Rodríguez,Militar,Manuel A. Odría (Ochenio),1955-12-24,1956-07-28,,Educacion,True
Jorge Basadre Grohmann,Independiente,Manuel Prado Ugarteche,1956-07-28,1958-10-01,,Educacion,True
Ulises Montoya Manfredi,Independiente,Manuel Prado Ugarteche,1958-10-01,1958-10-17,,Educacion,True
Emilio Romero Padilla,Independiente,Manuel Prado Ugarteche,1958-10-17,1959-07-26,,Educacion,True
José Rubio Rolando,Independiente,Manuel Prado Ugarteche,1959-07-26,1960-06-06,,Educacion,True
Alfredo Parra Carreño,Independiente,Manuel Prado Ugarteche,1960-06-06,1961-05-02,,Educacion,True
Alfonso Villanueva Pinillos,,Manuel Prado Ugarteche,1961-05-02,1961-11-19,,Educacion,True
Darío Acevedo Criado,Independiente,Manuel Prado Ugarteche,1961-11-19,1962-07-18,,Educacion,True
Franklin Pease Olivera,Marino,Junta Militar de Gobierno,1962-07-18,1963-07-28,,Educacion,True
Francisco Miró-Quesada Cantuarias,Acción Popular,Fernando Belaúnde Terry,1963-07-28,1964-10-03,,Educacion,True
Ernesto Montagne Sánchez,Militar,Fernando Belaúnde Terry,1964-10-03,1965-07-30,,Educacion,True
Carlos Cueto Fernandini,Acción Popular,Fernando Belaúnde Terry,1965-07-30,1965-09-15,,Educacion,True
José Navarro Grau,Acción Popular,Fernando Belaúnde Terry,1965-09-15,1966-04-15,,Educacion,True
Carlos Cueto Fernandini,Acción Popular,Fernando Belaúnde Terry,1966-04-15,1966-12-30,,Educacion,True
Enrique Tola Mendoza,Acción Popular,Fernando Belaúnde Terry,1967-01-27,1967-09-06,,Educacion,True
Octavio Mongrut Muñoz,Acción Popular,Fernando Belaúnde Terry,1967-09-06,1968-06-01,,Educacion,True
José Jiménez Borja,Acción Popular,Fernando Belaúnde Terry,1968-06-01,1968-10-01,,Educacion,True
Augusto Tamayo Vargas,Independiente,Fernando Belaúnde Terry,1968-10-02,1968-10-03,,Educacion,True
Alfredo Arrisueño Cornejo,Gobierno militar,Juan Velasco Alvarado,1968-10-03,1971-04-27,,Educacion,True
Alfredo Carpio Becerra,Gobierno militar,Juan Velasco Alvarado,1971-04-27,1975-02-01,,Educacion,True
Ramón Miranda Ampuero,Gobierno militar,Juan Velasco Alvarado,1975-02-01,1975-08-29,,Educacion,True
Ramón Miranda Ampuero,Gobierno militar,Francisco Morales Bermúdez,1975-08-30,1976-12-31,,Educacion,True
Otto Eléspuru Revoredo,Gobierno militar,Francisco Morales Bermúdez,1977-01-01,1978-09-05,,Educacion,True
José Guabloche Rodríguez,Gobierno militar,Francisco Morales Bermúdez,1978-09-16,1980-07-28,,Educacion,True
Luis Felipe Alarco Larrabure,Acción Popular,Fernando Belaúnde Terry,1980-07-28,1981-02-04,,Educacion,True
José Benavides Muñoz,Acción Popular,Fernando Belaúnde Terry,1981-02-04,1983-08-15,,Educacion,True
Patricio Ricketts Rey de Castro,Acción Popular,Fernando Belaúnde Terry,1983-08-15,1984-04-10,,Educacion,True
Valentín Paniagua Corazao,Acción Popular,Fernando Belaúnde Terry,1984-04-10,1984-10-12,,Educacion,True
Andrés Cardó Franco,Acción Popular,Fernando Belaúnde Terry,1984-10-12,1985-07-28,,Educacion,True
Grover Pango Vildoso,Partido Aprista Peruano,Alan García,1985-07-28,1987-07-27,,Educacion,True
Mercedes Cabanillas Bustamante,Partido Aprista Peruano,Alan García,1987-06-29,1988-08-09,,Educacion,True
Efraín Orbegozo Rodríguez,Partido Aprista Peruano,Alan García,1988-08-28,1990-05-09,,Educacion,True
Mercedes Cabanillas Bustamante,Partido Aprista Peruano,Alan García,1990-05-09,1990-07-27,,Educacion,True
Gloria Helfer Palacios,Izquierda Unida,Alberto Fujimori,1990-07-28,1990-12-02,,Educacion,True
Óscar de la Puente Raygada,Independiente,Alberto Fujimori,1990-12-12,1991-11-06,,Educacion,True
Augusto Antonioli Vásquez,Independiente,Alberto Fujimori,1991-11-07,1992-04-06,,Educacion,True
Alberto Varillas Montenegro,Independiente,Alberto Fujimori,1991-05-09,1993-07-28,,Educacion,True
Raúl Vittor Alfaro,Independiente,Alberto Fujimori,1993-08-19,1994-02-18,,Educacion,True
Jorge Trelles Montero,Acción Popular,Alberto Fujimori,1994-02-18,1994-10-13,,Educacion,True
Pedro Villena Hidalgo,Independiente,Alberto Fujimori,1994-10-13,1995-06-08,,Educacion,True
Dante Córdova Blanco,Independiente,Alberto Fujimori,1995-06-08,1996-04-03,,Educacion,True
Domingo Palermo Cabrejos,Independiente,Alberto Fujimori,1996-04-11,1999-01-06,,Educacion,True
Felipe García Escudero,Independiente,Alberto Fujimori,1999-01-06,2000-07-28,,Educacion,True
Federico Salas-Guevara,Agrupación Independiente Avancemos,Alberto Fujimori,2000-07-29,2000-11-21,,Educacion,True
Marcial Rubio Correa,Independiente,Valentín Paniagua,2000-11-25,2001-07-28,,Educacion,True
Nicolás Lynch Gamero,Perú Posible,Alejandro Toledo,2001-07-28,2002-07-12,,Educacion,True
Gerardo Ayzanoa del Carpio,Perú Posible,Alejandro Toledo,2002-07-12,2003-06-28,,Educacion,True
Carlos Malpica Faustor,Independiente,Alejandro Toledo,2003-06-28,2004-02-16,,Educacion,True
Javier Sota Nadal,Perú Posible,Alejandro Toledo,2004-02-16,2006-07-28,,Educacion,True
José Antonio Chang Escobedo,Partido Aprista Peruano,Alan García,2006-07-28,2011-03-18,,Educacion,True
Víctor Díaz Chávez,Partido Aprista Peruano,Alan García,2011-03-19,2011-07-28,,Educacion,True
Patricia Salas O'Brien,Independiente,Ollanta Humala,2011-07-28,2013-10-31,,Educacion,True
Jaime Saavedra Chanduví,Independiente,Ollanta Humala,2013-10-31,2016-07-28,,Educacion,True
Jaime Saavedra Chanduví,Independiente,Pedro Pablo Kuczynski,2016-07-28,2016-12-18,,Educacion,True
Marilú Martens Cortés,Independiente,Pedro Pablo Kuczynski,2016-12-18,2017-09-17,,Educacion,True
Idel Vexler Talledo,Independiente,Pedro Pablo Kuczynski,2017-09-17,2018-04-02,,Educacion,True
Daniel Alfaro Paredes,Indpendiente,Martín Vizcarra,2018-04-02,2019-03-11,,Educacion,True
Flor Pablo Medina,Independiente,Martín Vizcarra,2019-03-11,2020-02-13,,Educacion,True
Martín Benavides Abanto,Independiente,Martín Vizcarra,2020-02-13,2020-11-10,,Educacion,True
Fernando d'Alessio Ipinza,Independiente,Manuel Merino,2020-11-12,2020-11-17,,Educacion,True
Ricardo Cuenca Pareja,Independiente,Francisco Sagasti,2020-11-18,2021-07-28,,Educacion,True
Juan Cadillo León,Independiente,Pedro Castillo,2021-07-29,2021-10-06,,Educacion,True
Carlos Gallardo Gómez,Independiente,Pedro Castillo,2021-10-06,2021-12-23,,Educacion,True
Rosendo Serna Román,Juntos por el Perú,Pedro Castillo,2021-12-28,2022-12-07,,Educacion,True
Patricia Correa Arangoitia,Independiente,Dina Boluarte,2022-12-10,2022-12-16,,Educacion,True
Óscar Becerra Tresierra,Independiente,Dina Boluarte,2022-12-21,2023-04-23,,Educacion,True
Magnet Márquez Ramírez,Independiente,Dina Boluarte,2023-04-23,2023-09-05,,Educacion,True
Miriam Ponce Vértiz,Independiente,Dina Boluarte,2023-09-06,2024-04-01,,Educacion,True
Morgan Quero Gaime,Independiente,Dina Boluarte,2024-04-01,2025-10-12,,Educacion,True
Jorge Figueroa Guzmán,Independiente,José Jerí,2025-10-14,2026-02-24,,Educacion,True
Erfurt Castillo Vera,Independiente,José María Balcázar,2026-02-24,2026-03-17,,Educacion,True
María Cuadros Espinoza,Independiente,José María Balcázar,2026-03-17,,,Educacion,True
Armando Montes de Peralta,,Óscar R. Benavides,1935-10-09,1936-04-12,,salud,
Fortunato Quesada Larrea,,Óscar R. Benavides,1936-04-13,1936-09-23,,salud,
Roque A. Saldías Maninat,,Óscar R. Benavides,1936-09-24,1937-11-02,,salud,
Rafael Escardó,,Óscar R. Benavides,1937-11-03,1938-04-19,,salud,
Guillermo Almenara Irigoyen,,Óscar R. Benavides,1938-04-30,1939-12-07,,salud,
Constantino J. Carvallo,,Manuel Prado Ugarteche,1939-12-08,1945-07-27,,salud,
Óscar Trelles Montes,,José Luis Bustamante y Rivero,1945-07-28,1946-01-22,,salud,
Julio Ernesto Portugal Escobedo,,José Luis Bustamante y Rivero,1946-01-23,1947-01-11,,salud,
Alberto Hurtado Abadía,,José Luis Bustamante y Rivero,1947-01-12,1947-10-30,,salud,
Manuel R. Nieto Chipoco,Marino,José Luis Bustamante y Rivero,1947-10-31,1948-02-28,,salud,
Arturo Jiménez Pacheco,,José Luis Bustamante y Rivero,1948-03-01,1948-06-17,,salud,
Alberto Hurtado Abadía,,José Luis Bustamante y Rivero,1948-06-18,1948-10-27,,salud,
Alberto López Flores,,Manuel Odría (Ochenio),1948-10-31,1950-07-27,,salud,
Edgardo Rebagliati Martins,,Manuel Odría (Ochenio),1950-07-28,1952-08-04,,salud,
Luis N. Sáenz,,Manuel Odría (Ochenio),1952-08-05,1954-08-09,,salud,
Armando Montes de Peralta,,Manuel Odría (Ochenio),1954-08-10,1955-09-14,,salud,
Jorge de Romaña Plazolles,,Manuel Odría (Ochenio),1955-09-15,1955-12-05,,salud,
Alberto López Flores,,Manuel Odría (Ochenio),1955-12-05,1956-07-27,,salud,
Jorge Haaker Fort,,Manuel Prado Ugarteche,1956-07-28,1957-09-23,,salud,
Francisco Sánchez-Moreno Moscoso,,Manuel Prado Ugarteche,1957-09-24,1959-07-19,,salud,
Guillermo Garrido Lecca Frías,,Manuel Prado Ugarteche,1959-07-20,1960-06-06,,salud,
Rodrigo Franco Guerra,,Manuel Prado Ugarteche,1960-06-10,1961-02-18,,salud,
Eduardo Watson Cisneros,,Manuel Prado Ugarteche,1961-02-19,1962-07-18,,salud,
Víctor Solano Castro,,Junta Militar de Gobierno,1962-07-18,1963-07-28,,salud,
Javier Arias Stella,Acción Popular,Fernando Belaúnde Terry,1963-07-28,1965-09-15,,salud,
Daniel Becerra de la Flor,Acción Popular,Fernando Belaúnde Terry,1965-09-16,1967-09-07,,salud,
Javier Arias Stella,Acción Popular,Fernando Belaúnde Terry,1967-09-09,1968-10-02,,salud,
Javier Correa Miller,Acción Popular,Fernando Belaúnde Terry,1968-10-02,1968-10-03,,salud,
Eduardo Montero Rojas,,Juan Velasco Alvarado,1968-10-10,1969-12-30,,salud,
Rolando Caro Constantini,,Juan Velasco Alvarado,1969-12-31,1971-04-27,,salud,
Fernando Miró Quesada Bahamonde,,Juan Velasco Alvarado,1971-04-28,1975-08-28,,salud,
Fernando Miró Quesada Bahamonde,,Francisco Morales Bermúdez,1975-08-29,1975-10-18,,salud,
Jorge Tamayo de la Flor,,Francisco Morales Bermúdez,1975-10-18,1976-12-31,,salud,
Humberto Campodónico Hoyos,,Francisco Morales Bermúdez,1977-01-01,1977-12-31,,salud,
Óscar Dávila Zumaeta,,Francisco Morales Bermúdez,1978-01-01,1978-09-15,,salud,
Eduardo Rivasplata Hurtado,,Francisco Morales Bermúdez,1978-09-18,1980-07-27,,salud,
Uriel García Cáceres,Acción Popular,Fernando Belaúnde Terry,1980-07-28,1982-03-02,,salud,
Juan Franco Ponce,Acción Popular,Fernando Belaúnde Terry,1982-03-03,1985-02-28,,salud,
Carlos Bazán Zender,Acción Popular,Fernando Belaúnde Terry,1985-03-01,1985-07-28,,salud,
David Tejada de Rivero,Partido Aprista Peruano,Alan García,1985-07-28,1987-06-29,,salud,
Ilda Urízar Peroni de Arias,Partido Aprista Peruano,Alan García,1987-06-29,1988-05-15,,salud,
Luis Pinillos Ashton,Independiente,Alan García,1988-05-15,1989-05-12,,salud,
David Tejada de Rivero,Partido Aprista Peruano,Alan García,1989-05-12,1989-10-03,,salud,
Paul Caro Gamarra,Partido Aprista Peruano,Alan García,1989-10-03,1990-07-27,,salud,
Carlos Vidal Layseca,Independiente,Alberto Fujimori,1990-07-28,1991-02-18,,salud,
Víctor Yamamoto Miyakawa,Cambio 90,Alberto Fujimori,1991-02-18,1991-11-06,,salud,
Víctor Paredes Guerra,Cambio 90,Alberto Fujimori,1991-11-06,1993-08-28,,salud,
Jaime Freundt-Thurne Oyanguren,Cambio 90,Alberto Fujimori,1993-08-28,1994-10-07,,salud,
Eduardo Yong Motta,Independiente,Alberto Fujimori,1994-10-10,1996-04-03,,salud,
Marino Costa Bauer,Independiente,Alberto Fujimori,1996-04-10,1999-01-05,,salud,
Carlos de Romaña y García,Independiente,Alberto Fujimori,1999-01-05,1999-04-14,,salud,
Alejandro Aguinaga Recuenco,Nueva Mayoría,Alberto Fujimori,1999-04-15,2000-11-25,,salud,
Eduardo Pretell Zárate,Acción Popular,Valentín Paniagua,2000-11-25,2001-07-28,,salud,
Luis Solari de La Fuente,Perú Posible,Alejandro Toledo,2001-07-28,2002-01-18,,salud,
Fernando Carbone Campoverde,Independiente,Alejandro Toledo,2002-01-21,2003-06-28,,salud,
Álvaro Vidal Rivadeneyra,Independiente,Alejandro Toledo,2003-06-28,2004-02-16,,salud,
Pilar Mazzetti Soler,Independiente,Alejandro Toledo,2004-02-16,2006-07-28,,salud,
Carlos Vallejos Sologuren,Partido Aprista Peruano,Alan García,2006-07-29,2007-12-20,,salud,
Hernán Garrido-Lecca Montañez,Partido Aprista Peruano,Alan García,2007-12-20,2008-10-14,,salud,
Óscar Ugarte Ubilluz,Partido Humanista Peruano,Alan García,2008-10-14,2011-07-28,,salud,
Alberto Tejada Noriega,Independiente,Ollanta Humala,2011-07-28,2012-07-23,,salud,
Midori de Habich Rospigliosi,Independiente,Ollanta Humala,2012-07-23,2014-11-05,,salud,
Aníbal Velásquez Valdivia,Independiente,Ollanta Humala,2014-11-05,2016-07-28,,salud,
Patricia García Funegra,Independiente,Pedro Pablo Kuczynski,2016-07-28,2017-09-17,,salud,
Fernando D'Alessio Ipinza,Independiente,Pedro Pablo Kuczynski,2017-09-17,2018-01-09,,salud,
Abel Salinas Rivas,Partido Aprista Peruano,Pedro Pablo Kuczynski,2018-01-09,2018-04-02,,salud,
Silvia Pessah Eljay,Independiente,Martín Vizcarra,2018-04-02,2019-01-05,,salud,
Zulema Tomás Gonzáles,Independiente,Martín Vizcarra,2019-01-07,2019-11-15,,salud,
Elizabeth Hinostroza Pereyra,Independiente,Martín Vizcarra,2019-11-18,2020-03-20,,salud,
Víctor Zamora Mesía,Frente Amplio,Martín Vizcarra,2020-03-20,2020-07-15,,salud,
Pilar Mazzetti Soler,Independiente,Martín Vizcarra,2020-07-15,2020-11-10,,salud,
Abel Salinas Rivas,Partido Aprista Peruano,Manuel Merino,2020-11-11,2020-11-15,,salud,
Pilar Mazzetti Soler,Independiente,Francisco Sagasti,2020-11-18,2021-02-12,,salud,
Óscar Ugarte Ubilluz,Juntos por el Perú,Francisco Sagasti,2021-02-13,2021-07-28,,salud,
Hernando Cevallos Flores,Frente Amplio,Pedro Castillo,2021-07-29,2022-02-08,,salud,
Hernán Condori Machado,Perú Libre,Pedro Castillo,2022-02-08,2022-03-31,,salud,
Jorge López Peña,Independiente,Pedro Castillo,2022-04-07,2022-10-23,,salud,
Kelly Portalatino Ávalos,Perú Libre,Pedro Castillo,2022-10-27,2022-12-07,,salud,
Rosa Gutiérrez Palomino,Independiente,Dina Boluarte,2022-12-10,2023-06-15,,salud,
César Vásquez Sánchez,Alianza para el Progreso,Dina Boluarte,2023-06-19,2025-10-10,,salud,
Luis Quiroz Avilés,,José Jerí,2025-10-14,2026-03-11,,salud,
Luis Quiroz Avilés,,José María Balcázar,2025-10-14,2026-03-11,,salud,
Juan Carlos Velasco Guerrero,Independiente,José María Balcázar,2026-03-11,,,salud,
,,,,,,salud,
Hipólito Unanue,,José de San Martín (Protectorado),1821-08-03,1823-06-22,,MEF,
Dionisio Vizcarra,,Francisco Valdivieso (encargado del mando),1823-06-23,1823-09-23,,MEF,
Hipólito Unanue,,José Bernardo de Tagle,1823-09-24,1824-02-18,,MEF,
José de Espinar,,Simón Bolívar,1824-02-19,1824-03-31,,MEF,
José Faustino Sánchez Carrión (Secretario General),,Simón Bolívar,1824-04-01,1824-10-27,,MEF,
Hipólito Unanue,,Simón Bolívar,1824-10-28,1825-03-27,,MEF,
José María de Pando,,Simón Bolívar,1825-03-28,1825-05-19,,MEF,
Juan Salazar,,Simón Bolívar,1825-05-20,1825-07-19,,MEF,
José de Larrea y Loredo,,Simón Bolívar,1825-07-20,1826-05-07,,MEF,
José María de Pando,,Simón Bolívar,1826-05-08,1826-06-27,,MEF,
José de Larrea y Loredo,,Simón Bolívar,1826-06-28,1827-02-09,,MEF,
José María Galdeano,,Andrés de Santa Cruz,1827-02-10,1827-02-11,,MEF,
José de Morales y Ugalde,,Andrés de Santa Cruz,1827-02-12,1827-06-23,,MEF,
Francisco J. Mariátegui,,José de la Mar,1827-06-24,1828-06-09,,MEF,
Manuel Gaspar de Rosas,,José de la Mar,1828-06-10,1828-06-19,,MEF,
José Gregorio Paredes,,José de la Mar,1828-06-20,1828-06-20,,MEF,
Dionisio Vizcarra,,José de la Mar,1828-06-21,1829-06-05,,MEF,
Lorenzo Bazo,,Antonio Gutiérrez de la Fuente,1829-06-06,1829-11-30,,MEF,
José de Larrea y Loredo,,Agustín Gamarra,1829-12-01,1830-06-19,,MEF,
Manuel del Río,,Agustín Gamarra,1830-06-20,1830-07-20,,MEF,
José María de Pando,,Agustín Gamarra,1830-07-21,1831-12-19,,MEF,
Manuel Pérez de Tudela,,Agustín Gamarra,1831-12-20,1832-10-28,,MEF,
Manuel Gaspar de Rosas,,Agustín Gamarra,1832-10-29,1832-11-11,,MEF,
Manuel del Río,,Agustín Gamarra,1832-11-12,1832-11-21,,MEF,
Joaquín de Arrece,,Agustín Gamarra,1832-11-22,1833-01-02,,MEF,
Andrés Martínez,,Agustín Gamarra,1833-01-03,1833-12-20,,MEF,
José Villa,,Luis José de Orbegoso,1833-12-21,1834-01-03,,MEF,
Andrés Martínez,,Pedro Pablo Bermúdez,1834-01-04,1834-01-23,,MEF,
José Villa,,Luis José de Orbegoso,1834-01-24,1834-02-28,,MEF,
Ildefonso Zavala,,Luis José de Orbegoso,1834-03-01,1834-03-28,,MEF,
José de Mendiburú,,Luis José de Orbegoso,1834-03-29,1834-05-05,,MEF,
José Villa,,Luis José de Orbegoso,1834-05-06,1834-07-04,,MEF,
José de Mendiburú,,Luis José de Orbegoso,1834-07-05,1834-10-21,,MEF,
Ildefonso Zavala,,Luis José de Orbegoso,1834-10-22,1835-02-24,,MEF,
José de Mendiburu,,Felipe Santiago Salaverry,1835-02-25,1835-02-26,,MEF,
Domingo Espinar,,Felipe Santiago Salaverry,1835-02-27,1835-04-12,,MEF,
Bonifacio de Lazarte,,Felipe Santiago Salaverry,1835-04-13,1835-05-19,,MEF,
José de Mendiburu,,Felipe Santiago Salaverry,1835-05-20,1835-07-15,,MEF,
José Braulio del Campo Redondo,,Felipe Santiago Salaverry,1835-07-16,1835-09-11,,MEF,
Joaquín de Arrece,,Felipe Santiago Salaverry,1835-09-12,1835-10-08,,MEF,
Andrés Martínez (Secretario General),,Felipe Santiago Salaverry,1835-10-09,1836-01-08,,MEF,
Mariano de Sierra,,Felipe Santiago Salaverry,1836-01-09,1836-04-24,,MEF,
Juan García del Río,,Andrés de Santa Cruz,1836-04-25,1836-08-05,,MEF,
Pio de Tristán,Militar,Andrés de Santa Cruz,1836-08-06,1836-08-16,,MEF,
Juan García del Río,,Andrés de Santa Cruz,1836-08-17,1837-01-30,,MEF,
José Gregorio Paredes,,Andrés de Santa Cruz,1837-01-31,1837-05-01,,MEF,
José María Galdeano,,Andrés de Santa Cruz,1837-05-02,1837-08-16,,MEF,
Casimiro Olañeta,,Andrés de Santa Cruz,1837-08-17,1837-11-02,,MEF,
Juan García del Río,,Andrés de Santa Cruz,1837-11-03,1838-07-29,,MEF,
Manuel del Río,,Andrés de Santa Cruz,1838-07-30,1838-07-31,,MEF,
Benito Laso de la Vega,,Agustín Gamarra,1838-08-01,1838-08-23,,MEF,
José de Mendiburu,,Agustín Gamarra,1838-08-24,1838-11-07,,MEF,
Lorenzo Bazo,,Agustín Gamarra,1838-11-08,1839-01-19,,MEF,
José de Mendiburu,,Agustín Gamarra,1839-01-20,1839-03-02,,MEF,
Ramón Castilla (interino),Militar,Agustín Gamarra,1839-03-03,1839-07-28,,MEF,
Manuel B. Ferreyros,,Agustín Gamarra,1839-07-29,1841-01-02,,MEF,
Manuel del Río,,Agustín Gamarra,1841-01-03,1841-03-15,,MEF,
Luciano María Cano,,Agustín Gamarra,1841-03-16,1842-07-29,,MEF,
José de Mendiburu,,Manuel Menéndez,1842-07-30,1842-08-15,,MEF,
Miguel del Carpio y Melgar,,Juan Crisóstomo Torrico,1842-08-16,1842-10-30,,MEF,
Francisco J. Mariátegui,,Francisco de Vidal,1842-10-31,1843-03-19,,MEF,
José Luis Gómez Sánchez,,Manuel Ignacio de Vivanco,1843-03-20,1843-04-30,,MEF,
Pedro Antonio de la Torre,,Manuel Ignacio de Vivanco,1843-05-01,1843-07-21,,MEF,
Manuel Toribio Ureta,,Manuel Ignacio de Vivanco,1843-07-22,1843-08-04,,MEF,
Andrés Martínez,,Manuel Ignacio de Vivanco,1843-08-05,1844-01-04,,MEF,
Pedro Gamio,,Manuel Ignacio de Vivanco,1844-01-05,1844-05-19,,MEF,
Andrés Martínez,,Manuel Ignacio de Vivanco,1844-05-20,1844-06-16,,MEF,
José Manuel Tirado,,Domingo Elías,1844-06-17,1844-08-10,,MEF,
Domingo Elías,,Justo Figuerola,1844-08-11,1846-04-20,,MEF,
Manuel de Mendiburu,Militar,Ramón Castilla,1846-04-21,1849-07-15,,MEF,
José Fabio Melgar,,Ramón Castilla,1849-07-16,1851-04-19,,MEF,
Juan Crisóstomo Torrico (Ministro General),Militar,José Rufino Echenique,1851-04-20,1851-08-28,,MEF,
Manuel de Mendiburu,Militar,José Rufino Echenique,1851-08-29,1852-09-06,,MEF,
Nicolás Fernández de Piérola y Flores,,José Rufino Echenique,1852-09-07,1854-01-01,,MEF,
Manuel de Mendiburu,Militar,José Rufino Echenique,1854-01-02,1854-11-06,,MEF,
Pedro Gálvez Egúsquiza,,José Rufino Echenique,1854-11-07,1855-01-04,,MEF,
Manuel Toribio Ureta,,Ramón Castilla,1855-01-05,1855-01-31,,MEF,
Domingo Elías,,Ramón Castilla,1855-02-01,1856-10-15,,MEF,
José Santos Castañeda,,Ramón Castilla,1856-10-16,1857-02-13,,MEF,
Francisco de Rivero,,Ramón Castilla,1857-02-14,1857-10-23,,MEF,
Manuel Ortiz de Zevallos,,Ramón Castilla,1857-10-24,1858-12-15,,MEF,
Juan José Salcedo,,Ramón Castilla,1858-12-16,1861-07-24,,MEF,
José Fabio Melgar,,Ramón Castilla,1861-07-25,1862-06-24,,MEF,
Pedro Gálvez Egúsquiza,,Ramón Castilla,1862-06-25,1862-10-26,,MEF,
José Santos Castañeda,,Miguel de San Román,1862-10-27,1863-04-09,,MEF,
Ignacio Novoa,,Pedro Diez-Canseco,1863-04-10,1863-08-04,,MEF,
Ignacio Novoa (continuación),,Juan Antonio Pezet,1863-08-05,1864-08-10,,MEF,
Julián de Zaracondegui,,Juan Antonio Pezet,1864-08-11,1864-09-04,,MEF,
Felipe Barriga Álvarez,,Juan Antonio Pezet,1864-09-05,1864-10-13,,MEF,
Pedro Mariano García,,Juan Antonio Pezet,1864-10-14,1864-11-22,,MEF,
José García Urrutia,,Juan Antonio Pezet,1864-11-23,1865-04-03,,MEF,
Pedro José Carrillo,,Juan Antonio Pezet,1865-04-04,1865-07-13,,MEF,
José Jorge Loayza,,Juan Antonio Pezet,1865-07-14,1865-11-09,,MEF,
José Manuel de la Puente,,Pedro Diez-Canseco,1865-11-10,1865-11-15,,MEF,
Tomás de Vivero,,Pedro Diez-Canseco,1865-11-16,1865-11-27,,MEF,
Manuel Pardo y Lavalle (Secretario),,Mariano Ignacio Prado,1865-11-28,1867-03-01,,MEF,
José Narciso de Campos,,Mariano Ignacio Prado,1867-03-02,1867-06-02,,MEF,
Pedro Paz Soldán Ureta,,Mariano Ignacio Prado,1867-06-03,1868-01-06,,MEF,
Juan Manuel Solar,,Francisco Diez Canseco,1868-01-07,1868-01-25,,MEF,
José Luis Gómez Sánchez,,Pedro Diez-Canseco,1868-01-26,1868-04-02,,MEF,
Juan Ignacio Elguera,,Pedro Diez-Canseco,1868-04-03,1868-08-03,,MEF,
Francisco García Calderón,,José Balta,1868-08-04,1869-01-04,,MEF,
Nicolás de Piérola,,José Balta,1869-01-05,1869-10-25,,MEF,
Manuel Angulo,,José Balta,1869-10-26,1870-02-25,,MEF,
Nicolás de Piérola,,José Balta,1870-02-26,1871-07-20,,MEF,
Camilo Carrillo Martínez,,José Balta,1871-07-21,1871-09-19,,MEF,
Felipe Masías,,José Balta,1871-09-20,1872-07-26,,MEF,
José de la Riva Agüero,Partido Civil,Mariano Herencia Zevallos,1872-07-27,1872-08-01,,MEF,
José María de la Jara y Alvizuri,,Manuel Pardo y Lavalle,1872-08-02,1873-11-06,,MEF,
Camilo Carrillo Martínez,Partido Civil,Manuel Pardo y Lavalle,1873-11-07,1874-05-25,,MEF,
Juan Ignacio Elguera,,Manuel Pardo y Lavalle,1874-05-26,1876-08-01,,MEF,
José de Araníbar y Llano,,Mariano Ignacio Prado,1876-08-02,1877-06-07,,MEF,
José Félix García,,Mariano Ignacio Prado,1877-06-08,1878-06-18,,MEF,
Manuel Antonio Barinaga,,Mariano Ignacio Prado,1878-06-19,1878-10-24,,MEF,
José Rafael de Iscue,,Mariano Ignacio Prado,1878-10-25,1879-07-14,,MEF,
Emilio A. del Solar,,Mariano Ignacio Prado,1879-07-15,1879-07-23,,MEF,
José María Químper,,Mariano Ignacio Prado,1879-07-24,1879-09-04,,MEF,
Juan Francisco Pazos,,Mariano Ignacio Prado,1879-09-05,1879-10-28,,MEF,
Aurelio Denegri,Partido Civil,Mariano Ignacio Prado,1879-10-29,1879-10-31,,MEF,
José María Químper,,Mariano Ignacio Prado,1879-11-01,1879-12-23,,MEF,
Manuel Antonio Barinaga (Secretario),,Nicolás de Piérola,1879-12-24,1881-01-15,,MEF,
Aurelio García y García (Secretario General),,Nicolás de Piérola,1881-01-16,1881-03-11,,MEF,
Aurelio Denegri,,Francisco García Calderón,1881-03-12,1882-01-03,,MEF,
Manuel María Rivas,,Lizardo Montero,1882-01-04,1882-09-03,,MEF,
Juan Francisco Oviedo,,Lizardo Montero,1882-09-04,1883-05-28,,MEF,
Ladislao de la Jara,,Lizardo Montero,1883-05-29,1883-10-27,,MEF,
Lorenzo Iglesias (Ministro General),,Miguel Iglesias,1883-01-03,1883-09-14,,MEF,
Elías Malpartida,,Miguel Iglesias,1883-09-15,1883-11-19,,MEF,
Manuel Galup y Valdivieso,,Miguel Iglesias,1883-11-20,1885-12-02,,MEF,
Pedro Correa y Santiago,,Antonio Arenas,1885-12-03,1886-06-02,,MEF,
Luis N. Bryce de Vivero,,Andrés A. Cáceres,1886-06-03,1886-10-05,,MEF,
José de Araníbar y Llano,,Andrés A. Cáceres,1886-10-06,1886-11-21,,MEF,
Manuel Yrigoyen Arias,Partido Constitucional,Andrés A. Cáceres,1886-11-22,1887-08-21,,MEF,
Mariano S. Álvarez Villegas,,Andrés A. Cáceres,1887-08-22,1887-11-08,,MEF,
Ántero Aspíllaga,Partido Civil,Andrés A. Cáceres,1887-11-09,1889-03-07,,MEF,
Eulogio Delgado,,Andrés A. Cáceres,1889-03-08,1890-08-09,,MEF,
Ismael de la Quintana,,Remigio Morales Bermúdez,1890-08-10,1891-08-23,,MEF,
Manuel Carbajal,,Remigio Morales Bermúdez,1891-08-24,1892-06-30,,MEF,
Rafael Quiróz,,Remigio Morales Bermúdez,1892-07-01,1893-03-02,,MEF,
José Salvador Cavero,Partido Constitucional,Remigio Morales Bermúdez,1893-03-03,1893-05-11,,MEF,
Eugenio Marquesado,,Remigio Morales Bermúdez,1893-05-12,1893-09-27,,MEF,
Agustín de la Torre González,,Remigio Morales Bermúdez,1893-09-28,1894-01-29,,MEF,
Melitón Carvajal Ambulodegui,Militar,Remigio Morales Bermúdez,1894-01-30,1894-04-01,,MEF,
José Agustín de la Puente,,Justiniano Borgoño,1894-04-02,1894-06-17,,MEF,
Horacio Ferreccio,,Justiniano Borgoño,1894-06-18,1894-08-09,,MEF,
Nicanor Carmona Vílchez,Partido Constitucional,Andrés A. Cáceres,1894-08-10,1895-03-19,,MEF,
Elías Malpartida,Partido Demócrata,Manuel Candamo,1895-03-20,1895-09-07,,MEF,
Federico Bresani del Villar,,Nicolás de Piérola,1895-09-08,1895-11-29,,MEF,
Manuel Jesús Obín,Partido Demócrata,Nicolás de Piérola,1895-11-30,1896-08-09,,MEF,
Ignacio Rey,,Nicolás de Piérola,1896-08-10,1899-09-07,,MEF,
Mariano A. Belaúnde,Partido Demócrata,Eduardo López de Romaña,1899-09-08,1900-08-07,,MEF,
Rafael Quiróz,,Eduardo López de Romaña,1900-08-08,1900-08-30,,MEF,
José V. Larrabure,,Eduardo López de Romaña,1900-08-31,1900-10-01,,MEF,
Domingo Almenara Butler,Partido Civil,Eduardo López de Romaña,1900-10-02,1901-09-11,,MEF,
Adrián Ward,,Eduardo López de Romaña,1901-09-12,1902-08-08,,MEF,
Juan José Reinoso,,Eduardo López de Romaña,1902-08-09,1902-11-03,,MEF,
Pablo Sarria,,Eduardo López de Romaña,1902-11-04,1903-09-07,,MEF,
Augusto B. Leguía,Partido Civil,Manuel Candamo,1903-09-08,1904-04-17,,MEF,
Augusto B. Leguía,Partido Civil,Serapio Calderón,1904-04-18,1904-05-14,,MEF,
Juan José Reinoso,,Serapio Calderón,1904-05-15,1904-09-23,,MEF,
Augusto B. Leguía,Partido Civil,José Pardo y Barreda,1904-09-24,1907-08-01,,MEF,
Germán Schreiber Waddington,Partido Civil,José Pardo y Barreda,1907-08-02,1908-09-23,,MEF,
Eulogio Romero Salcedo,,Augusto B. Leguía,1908-09-24,1909-06-07,,MEF,
Agustín de la Torre González,,Augusto B. Leguía,1909-06-08,1909-11-01,,MEF,
Carlos Forero Osorio,Partido Demócrata,Augusto B. Leguía,1909-11-02,1910-02-04,,MEF,
Severiano Bezada,Partido Civil,Augusto B. Leguía,1910-02-05,1910-03-13,,MEF,
Germán Schreiber Waddington,Partido Civil,Augusto B. Leguía,1910-03-14,1910-11-02,,MEF,
Enrique Oyanguren,,Augusto B. Leguía,1910-11-03,1911-08-31,,MEF,
Daniel Castillo,,Augusto B. Leguía,1911-09-01,1911-10-16,,MEF,
Ernesto L. Raez,,Augusto B. Leguía,1911-10-17,1912-08-15,,MEF,
Flavio A. Castañeda,,Augusto B. Leguía,1912-08-16,1912-09-23,,MEF,
Baldomero F. Maldonado,,Guillermo Billinghurst,1912-09-24,1913-02-24,,MEF,
Felipe Derteano,,Guillermo Billinghurst,1913-02-25,1913-06-16,,MEF,
José Balta Paz,Partido Liberal,Guillermo Billinghurst,1913-06-17,1913-07-26,,MEF,
Baldomero F. Maldonado,,Guillermo Billinghurst,1913-07-27,1913-12-22,,MEF,
Armando José Vélez Mendoza,,Guillermo Billinghurst,1913-12-23,1914-02-03,,MEF,
José Balta Paz,Partido Liberal,Óscar R. Benavides (Junta Militar),1914-02-04,1914-05-14,,MEF,
Luis Felipe Villarán Godoy,Partido Civil,Óscar R. Benavides,1914-05-15,1914-08-21,,MEF,
Francisco Tudela y Varela,Partido Civil,Óscar R. Benavides,1914-08-22,1914-09-21,,MEF,
Aurelio Sousa y Matute,,Óscar R. Benavides,1914-09-22,1914-11-10,,MEF,
Germán Schreiber Waddington,Partido Civil,Óscar R. Benavides,1914-11-11,1915-02-17,,MEF,
Enrique Oyanguren,,Óscar R. Benavides,1915-02-18,1915-08-17,,MEF,
Aurelio García y Lastres,,José Pardo y Barreda,1915-08-18,1917-07-26,,MEF,
Baldomero F. Maldonado,,José Pardo y Barreda,1917-07-27,1918-02-25,,MEF,
Germán Arenas y Loayza,,José Pardo y Barreda,1918-02-26,1918-04-21,,MEF,
Victor M. Maúrtua,,José Pardo y Barreda,1918-04-22,1918-12-17,,MEF,
Héctor Escardó Salazar,,José Pardo y Barreda,1918-12-18,1919-07-03,,MEF,
Ismael de Idiáquez,,Augusto B. Leguía,1919-07-04,1919-08-11,,MEF,
Fernando C. Fuchs,,Augusto B. Leguía,1919-08-12,1921-05-07,,MEF,
M. A. Rodríguez Dulanto,,Augusto B. Leguía,1921-05-07,1924-05-05,,MEF,
Marcial Pastor,,Augusto B. Leguía,1924-05-05,1924-10-11,,MEF,
Enrique de la Piedra,,Augusto B. Leguía,1924-10-12,1925-06-18,,MEF,
Benjamín Huamán de los Heros,,Augusto B. Leguía,1925-06-19,1925-09-23,,MEF,
Manuel Gregorio Masías,,Augusto B. Leguía,1925-09-24,1930-07-31,,MEF,
Fernando C. Fuchs,,Augusto B. Leguía,1930-08-01,1930-08-24,,MEF,
Ricardo E. Llona,Militar,Luis Sánchez Cerro,1930-08-25,1930-11-23,,MEF,
Manuel Augusto Olaechea,,Luis Sánchez Cerro,1930-11-24,1931-01-30,,MEF,
Pedro Bustamante y Santisteban,,Luis Sánchez Cerro,1931-01-31,1931-02-23,,MEF,
Gerardo Balbuena Carrillo,,Luis Sánchez Cerro,1931-02-24,1931-03-10,,MEF,
Manuel A. Vinelli,,David Samanez Ocampo,1931-03-11,1931-07-22,,MEF,
Emilio L. Gómez de la Torre,,David Samanez Ocampo,1931-07-23,1931-12-07,,MEF,
José G. Cateriano,,Luis Sánchez Cerro,1931-12-08,1932-01-28,,MEF,
Francisco R. Lanatta,,Luis Sánchez Cerro,1932-01-29,1932-04-12,,MEF,
Ignacio A. Brandariz,,Luis Sánchez Cerro,1932-04-13,1933-04-29,,MEF,
Ignacio A. Brandariz,,Óscar R. Benavides,1933-04-30,1933-06-25,,MEF,
Alfredo Solf y Muro,,Óscar R. Benavides,1933-06-26,1933-11-23,,MEF,
Benjamín Roca García,,Óscar R. Benavides,1933-11-24,1935-05-20,,MEF,
Fernando Tola Cires,,Óscar R. Benavides,1935-05-21,1935-09-30,,MEF,
Manuel Ugarteche,,Óscar R. Benavides,1935-10-01,1936-10-22,,MEF,
Teófilo Iglesias Rodríguez,,Óscar R. Benavides,1936-10-23,1937-10-28,,MEF,
Benjamín Roca García,,Óscar R. Benavides,1937-10-29,1938-11-30,,MEF,
Manuel Ugarteche,,Óscar R. Benavides,1938-12-01,1939-12-07,,MEF,
Óscar Ramos Cabieses,,Manuel Prado Ugarteche,1939-12-08,1940-04-05,,MEF,
David Dasso,,Manuel Prado Ugarteche,1940-04-06,1942-08-23,,MEF,
Julio L. East,,Manuel Prado Ugarteche,1942-08-24,1945-07-27,,MEF,
Rómulo Ferrero Rebagliati,,José Bustamante y Rivero,1945-07-28,1945-09-30,,MEF,
Carlos Montero Bernales,,José Bustamante y Rivero,1945-10-01,1946-01-28,,MEF,
Manuel Vásquez Díaz,,José Bustamante y Rivero,1946-01-29,1947-01-12,,MEF,
Luis Echecopar García,,José Bustamante y Rivero,1947-01-13,1948-02-26,,MEF,
Roque A. Saldías,Marino,José Bustamante y Rivero,1948-02-27,1948-06-16,,MEF,
Manuel B. Llosa Argüelles,,José Bustamante y Rivero,1948-06-17,1948-09-16,,MEF,
Rómulo Ferrero Rebagliati,,José Bustamante y Rivero,1948-09-17,1948-10-26,,MEF,
Luis Ramírez Ortiz,Militar,Junta Militar,1948-10-27,1949-10-26,,MEF,
Emilio Pereyra Marquina,Militar,Junta Militar,1949-10-27,1950-07-27,,MEF,
Andrés F. Dasso Hoke,,Manuel A. Odría,1950-07-28,1952-08-31,,MEF,
Emilio Romero Padilla,,Manuel A. Odría,1952-09-01,1954-02-01,,MEF,
Emilio Guimoye Hernández,,Manuel A. Odría,1954-02-02,1955-12-08,,MEF,
Jaime Miranda Sousa,,Manuel A. Odría,1955-12-09,1955-12-23,,MEF,
Roque A. Saldías,Marino,Manuel A. Odría,1955-12-24,1956-07-27,,MEF,
Juan Pardo Heeren,,Manuel Prado Ugarteche,1956-07-28,1958-01-09,,MEF,
Augusto Thorndike Galup,,Manuel Prado Ugarteche,1958-01-10,1958-06-09,,MEF,
Luis Gallo Porras,MDP,Manuel Prado Ugarteche,1958-06-10,1959-07-19,,MEF,
Pedro G. Beltrán,Independiente,Manuel Prado Ugarteche,1959-07-20,1961-04-25,,MEF,
Alex Zarak Risi,,Manuel Prado Ugarteche,1961-04-26,1962-07-16,,MEF,
Augusto Valdez Oviedo,Militar,Junta Militar,1962-07-17,1963-07-27,,MEF,
Javier Salazar Villanueva,,Fernando Belaúnde,1963-07-28,1964-10-02,,MEF,
Carlos Morales Macchiavello,,Fernando Belaúnde,1964-10-03,1965-09-14,,MEF,
Sandro Mariátegui Chiappe,Acción Popular,Fernando Belaúnde,1965-09-15,1967-09-07,,MEF,
Tulio de Andrea Marcazzolo,,Fernando Belaúnde,1967-09-08,1968-01-28,,MEF,
Raúl Ferrero Rebagliati,,Fernando Belaúnde,1968-01-29,1968-03-19,,MEF,
Francisco Morales Bermúdez,Militar,Fernando Belaúnde,1968-03-20,1968-05-31,,MEF,
Manuel Ulloa Elías,Acción Popular,Fernando Belaúnde,1968-06-01,1968-10-02,,MEF,
Ángel Valdivia Morriberón,Militar,Juan Velasco Alvarado,1968-10-03,1969-03-01,,MEF,
Francisco Morales Bermúdez,s/p,Juan Velasco Alvarado,1969-03-01,1974-01-02,,MEF,
Guillermo Marcó del Pont,s/p,Juan Velasco Alvarado,1974-01-02,1974-07-18,,MEF,
Amílcar Vargas Gavilano,s/p,Juan Velasco Alvarado,1974-07-18,1975-08-30,,MEF,
Luis Barúa Castañeda,Independiente,Francisco Morales Bermúdez,1975-09-02,1977-05-16,,MEF,
Walter Piazza Tanguis,Independiente,Francisco Morales Bermúdez,1977-05-16,1977-07-06,,MEF,
Alcibíades Sáenz Barsallo,s/p,Francisco Morales Bermúdez,1977-07-06,1978-05-15,,MEF,
Javier Silva Ruete,Independiente,Francisco Morales Bermúdez,1978-05-15,1980-07-28,,MEF,
Manuel Ulloa Elías,Acción Popular,Fernando Belaúnde Terry,1980-07-28,1983-01-03,,MEF,
Carlos Rodríguez Pastor Mendoza,Independiente,Fernando Belaúnde Terry,1983-01-03,1984-03-21,,MEF,
José Benavides Muñoz,Acción Popular,Fernando Belaúnde Terry,1984-03-21,1985-01-29,,MEF,
Guillermo Garrido-Lecca Álvarez-Calderón,Independiente,Fernando Belaúnde Terry,1985-01-29,1985-07-28,,MEF,
Luis Alva Castro,Partido Aprista Peruano,Alan García,1985-07-28,1987-07-28,,MEF,
Gustavo Saberbein Chevalier,Independiente,Alan García,1987-07-28,1988-05-16,,MEF,
César Robles Freyre,Partido Aprista Peruano,Alan García,1988-05-16,1988-09-02,,MEF,
Abel Salinas Izaguirre,Partido Aprista Peruano,Alan García,1988-09-02,1988-11-28,,MEF,
Carlos Rivas Dávila,Partido Aprista Peruano,Alan García,1988-11-28,1989-05-15,,MEF,
César Vásquez Bazán,Independiente,Alan García,1989-05-15,1990-07-28,,MEF,
Juan Carlos Hurtado Miller,Acción Popular,Alberto Fujimori,1990-07-28,1991-02-15,,MEF,
Carlos Boloña Behr,Independiente,Alberto Fujimori,1991-02-15,1993-01-08,,MEF,
Jorge Camet Dickmann,Independiente,Alberto Fujimori,1993-01-09,1998-06-06,,MEF,
Jorge Baca Campodónico,Independiente,Alberto Fujimori,1998-06-06,1999-01-04,,MEF,
Víctor Joy Way,Nueva Mayoría,Alberto Fujimori,1999-01-05,1999-10-13,,MEF,
Efraín Goldenberg Schreiber,Independiente,Alberto Fujimori,1999-10-15,2000-07-28,,MEF,
Carlos Boloña Behr,Independiente,Alberto Fujimori,2000-07-28,2000-11-25,,MEF,
Javier Silva Ruete,Somos Perú,Valentín Paniagua,2000-11-25,2001-07-28,,MEF,
Pedro Pablo Kuczynski,Independiente,Alejandro Toledo,2001-07-28,2002-07-11,,MEF,
Javier Silva Ruete,Independiente,Alejandro Toledo,2002-07-12,2003-07-25,,MEF,
Jaime Quijandría Salmón,Independiente,Alejandro Toledo,2003-07-25,2004-02-16,,MEF,
Pedro Pablo Kuczynski,Independiente,Alejandro Toledo,2004-02-16,2005-08-16,,MEF,
Fernando Zavala Lombardi,Independiente,Alejandro Toledo,2005-08-16,2006-07-28,,MEF,
Luis Carranza Ugarte,Independiente,Alan García,2006-07-28,2008-07-14,,MEF,
Luis Valdivieso Montano,Independiente,Alan García,2008-07-14,2009-01-19,,MEF,
Luis Carranza Ugarte,Independiente,Alan García,2009-01-19,2009-12-22,,MEF,
Mercedes Aráoz Fernández,Partido Aprista Peruano,Alan García,2009-12-22,2010-09-12,,MEF,
Ismael Benavides Ferreyros,Independiente,Alan García,2010-09-14,2011-07-28,,MEF,
Luis Miguel Castilla Rubio,Independiente,Ollanta Humala,2011-07-28,2014-09-14,,MEF,
Alonso Segura Vasi,Independiente,Ollanta Humala,2014-09-14,2016-07-28,,MEF,
Alfredo Thorne Vetter,Peruanos Por el Kambio,Pedro Pablo Kuczynski,2016-07-28,2017-06-22,,MEF,
Fernando Zavala Lombardi,Independiente,Pedro Pablo Kuczynski,2017-06-23,2017-09-17,,MEF,
Claudia Cooper Fort,Independiente,Pedro Pablo Kuczynski,2017-09-17,2018-04-02,,MEF,
David Tuesta Cárdenas,Independiente,Martín Vizcarra,2018-04-02,2018-06-04,,MEF,
Carlos Oliva Neyra,Independiente,Martín Vizcarra,2018-06-07,2019-09-30,,MEF,
María Antonieta Alva Luperdi,Independiente,Martín Vizcarra,2019-10-03,2020-11-09,,MEF,
José Arista Arbildo,Independiente,Manuel Merino,2020-11-12,2020-11-17,,MEF,
Waldo Mendoza Bellido,Independiente,Francisco Sagasti,2020-11-18,2021-07-29,,MEF,
Pedro Francke Ballvé,Nuevo Perú,Pedro Castillo,2021-07-30,2022-02-01,,MEF,
Óscar Graham Yamahuchi,Independiente,Pedro Castillo,2022-02-01,2022-08-05,,MEF,
Kurt Burneo Farfán,Independiente,Pedro Castillo,2022-08-05,2022-12-07,,MEF,
Alex Contreras Miranda,Independiente,Dina Boluarte,2022-12-10,2024-02-13,,MEF,
José Arista Arbildo,Independiente,Dina Boluarte,2024-02-13,2025-01-31,,MEF,
José Salardi Rodríguez,Independiente,Dina Boluarte,2025-01-31,2025-05-13,,MEF,
Raúl Pérez-Reyes Espejo,Independiente,Dina Boluarte,2025-05-13,2025-10-10,,MEF,
Denisse Miralles Miralles,Independiente,José Jerí,2025-10-14,2026-02-17,,MEF,
Gerardo López Gonzales,Independiente,José María Balcázar,2026-02-24,2026-03-17,,MEF,
Rodolfo Acuña Namihas,Independiente,José María Balcázar,2026-03-17,,,MEF,
